1,1,1,0,114,0,0,0,6,0,9,0,0,0,0,87,1,0,0,2,0,0,0
1,1,1,0,149,0,0,0,6,0,10,0,0,0,0,89,1,0,0,2,0,0,0
1,1,1,0,114,0,0,0,6,0,10,0,0,0,0,88,1,0,0,2,0,0,0
1,1,1,0,114,0,0,0,6,0,9,0,0,0,0,88,1,0,0,2,0,0,0
1,1,1,0,114,0,0,0,6,0,10,0,0,0,0,89,1,0,0,2,0,0,0
1,1,1,0,114,0,0,0,6,0,8,0,0,0,0,86,1,0,0,2,0,0,0
1,1,1,0,114,0,0,0,6,0,8,0,0,0,0,87,1,0,0,2,0,0,0
1,1,1,0,6,0,0,0,5,0,9,0,0,0,0,86,1,0,0,2,0,0,0
1,1,1,0,114,0,0,0,6,0,8,0,0,0,0,86,1,0,0,2,0,0,0
1,1,1,0,244,0,0,0,6,0,9,0,0,0,0,88,1,0,0,2,0,0,0
1,1,1,0,114,0,0,0,6,0,9,0,0,0,0,87,1,0,0,2,0,0,0
1,1,1,0,244,0,0,0,6,0,9,0,0,0,0,89,1,0,0,2,0,0,0
1,1,1,0,149,0,0,0,6,0,9,0,0,0,0,87,1,0,0,2,0,0,0
1,1,1,0,114,0,0,0,5,0,9,0,0,0,0,86,1,0,0,2,0,0,0
1,1,1,0,149,0,0,0,6,0,9,0,0,0,0,88,1,0,0,2,0,0,0
1,1,1,0,114,0,0,0,6,0,8,0,0,0,0,86,1,0,0,2,0,0,0
1,1,1,0,114,0,0,0,6,0,9,0,0,0,0,88,1,0,0,2,0,0,0
1,1,1,0,114,0,0,0,6,0,9,0,0,0,0,87,1,0,0,2,0,0,0
1,1,1,0,219,0,0,0,5,0,9,0,0,0,0,86,1,0,0,2,0,0,0
1,1,1,0,114,0,0,0,6,0,8,0,0,0,0,86,1,0,0,2,0,0,0
1,1,1,0,114,0,0,0,6,0,8,0,0,0,0,87,1,0,0,2,0,0,0
1,1,1,0,114,0,0,0,5,0,9,0,0,0,0,86,1,0,0,2,0,0,0
1,1,1,0,114,0,0,0,6,0,9,0,0,0,0,88,1,0,0,2,0,0,0
1,1,1,0,149,0,0,0,6,0,9,0,0,0,0,87,1,0,0,2,0,0,0
1,1,1,0,114,0,0,0,6,0,9,0,0,0,0,87,1,0,0,2,0,0,0
1,1,1,0,244,0,0,0,6,0,9,0,0,0,0,88,1,0,0,2,0,0,0
1,1,1,0,244,0,0,0,5,0,9,0,0,0,0,87,1,0,0,2,0,0,0
1,1,1,0,244,0,0,0,5,0,9,0,0,0,0,87,1,0,0,2,0,0,0
1,1,1,0,244,0,0,0,6,0,9,0,0,0,0,89,1,0,0,2,0,0,0
1,1,1,0,149,0,0,0,6,0,9,0,0,0,0,88,1,0,0,2,0,0,0
1,1,1,0,244,0,0,0,5,0,9,0,0,0,0,87,1,0,0,2,0,0,0
1,1,1,0,244,0,0,0,6,0,9,0,0,0,0,88,1,0,0,2,0,0,0
1,1,1,0,244,0,0,0,6,0,9,0,0,0,0,89,1,0,0,2,0,0,0
1,1,1,0,244,0,0,0,6,0,9,0,0,0,0,89,1,0,0,2,0,0,0
1,1,1,0,244,0,0,0,6,0,9,0,0,0,0,88,1,0,0,2,0,0,0
1,1,1,0,244,0,0,0,5,0,9,0,0,0,0,87,1,0,0,2,0,0,0
1,1,1,0,219,0,0,0,5,0,9,0,0,0,0,85,1,0,0,2,0,0,0
1,1,1,0,149,0,0,0,6,0,10,0,0,0,0,88,1,0,0,2,0,0,0
1,1,1,0,114,0,0,0,5,0,9,0,0,0,0,85,1,0,0,2,0,0,0
1,1,1,0,114,0,0,0,5,0,10,0,0,0,0,87,1,0,0,2,0,0,0
1,1,1,0,219,0,0,0,5,0,10,0,0,0,0,87,1,0,0,2,0,0,0
1,1,1,0,244,0,0,0,5,0,9,0,0,0,0,86,1,0,0,2,0,0,0
1,1,1,0,244,0,0,0,5,0,9,0,0,0,0,86,1,0,0,2,0,0,0
1,1,1,0,154,0,0,0,3,0,13,0,0,0,0,78,2,0,0,2,0,0,0
2,1,1,0,114,0,0,0,13,0,10,0,0,0,0,102,1,0,0,4,0,0,0
2,1,1,0,114,0,0,0,13,0,11,0,0,0,0,104,1,0,0,4,0,0,0
2,1,1,0,114,0,0,0,13,0,10,0,0,0,0,95,1,0,0,4,0,0,0
2,1,1,0,114,0,0,0,13,0,11,0,0,0,0,96,1,0,0,4,0,0,0
2,1,1,0,114,0,0,0,13,0,11,0,0,0,0,102,1,0,0,4,0,0,0
2,1,1,0,114,0,0,0,13,0,11,0,0,0,0,96,1,0,0,4,0,0,0
2,1,1,0,114,0,0,0,13,0,11,0,0,0,0,97,1,0,0,4,0,0,0
1,1,1,0,114,0,0,0,3,0,8,0,0,0,0,72,1,0,0,2,0,0,0
2,1,1,0,114,0,0,0,6,0,8,0,0,0,0,87,1,0,0,2,0,0,0
2,1,1,0,114,0,0,0,6,0,8,0,0,0,0,80,1,0,0,2,0,0,0
2,1,1,0,114,0,0,0,6,0,9,0,0,0,0,81,1,0,0,2,0,0,0
2,1,1,0,114,0,0,0,6,0,9,0,0,0,0,89,1,0,0,2,0,0,0
2,1,1,0,114,0,0,0,6,0,9,0,0,0,0,87,1,0,0,2,0,0,0
2,1,1,0,114,0,0,0,6,0,9,0,0,0,0,81,1,0,0,2,0,0,0
2,1,1,0,114,0,0,0,6,0,8,0,0,0,0,88,1,0,0,2,0,0,0
2,1,1,0,114,0,0,0,6,0,9,0,0,0,0,88,1,0,0,2,0,0,0
2,1,1,0,114,0,0,0,6,0,8,0,0,0,0,80,1,0,0,2,0,0,0
2,1,1,0,114,0,0,0,6,0,8,0,0,0,0,86,1,0,0,2,0,0,0
2,1,1,0,114,0,0,0,6,0,8,0,0,0,0,80,1,0,0,2,0,0,0
2,1,1,0,114,0,0,0,6,0,9,0,0,0,0,81,1,0,0,2,0,0,0
2,1,1,0,114,0,0,0,6,0,9,0,0,0,0,82,1,0,0,2,0,0,0
1,0,1,0,114,0,1,0,0,0,12,1,0,0,0,101,1,0,0,0,0,0,0
1,1,2,0,114,0,1,0,0,0,13,1,0,0,0,126,1,0,0,4,0,0,0
1,0,1,0,114,0,1,0,0,0,10,1,0,0,0,99,1,0,0,0,0,0,0
1,0,2,0,114,0,1,0,0,0,11,2,0,0,0,113,1,0,0,0,0,0,0
1,5,2,0,114,0,1,0,0,0,14,2,0,0,0,168,1,0,0,1,0,0,0
1,6,3,0,114,0,1,0,0,0,14,2,0,0,0,184,1,0,0,1,0,0,0
1,0,2,0,114,0,1,0,0,0,10,2,0,0,0,131,1,0,0,0,0,0,0
1,0,2,0,114,0,1,0,0,0,10,2,0,0,0,131,1,0,0,0,0,0,0
1,0,1,0,114,0,1,0,0,0,9,1,0,0,0,85,1,0,0,0,0,0,0
1,1,3,0,114,0,3,0,0,0,11,3,0,0,0,141,1,0,0,6,0,0,0
1,0,1,0,114,0,0,0,0,0,6,0,0,0,0,50,1,0,0,0,0,0,0
1,0,1,0,114,0,0,0,0,0,8,0,0,0,0,62,1,0,0,0,0,0,0
1,0,1,0,114,0,0,0,0,0,10,0,0,0,0,74,1,0,0,0,0,0,0
1,0,1,0,114,0,0,0,0,0,12,0,0,0,0,86,1,0,0,0,0,0,0
1,0,1,0,114,0,0,0,0,0,16,0,0,0,0,110,1,0,0,0,0,0,0
1,0,1,0,114,0,0,0,0,0,14,0,0,0,0,98,1,0,0,0,0,0,0
1,0,1,0,114,0,0,0,0,0,20,0,0,0,0,134,1,0,0,0,0,0,0
1,0,1,0,114,0,0,0,0,0,18,0,0,0,0,122,1,0,0,0,0,0,0
1,0,1,0,114,0,0,0,0,0,24,0,0,0,0,159,1,0,0,0,0,0,0
1,0,1,0,114,0,0,0,0,0,22,0,0,0,0,146,1,0,0,0,0,0,0
1,0,1,0,114,0,0,0,0,0,26,0,0,0,0,172,1,0,0,0,0,0,0
1,0,1,0,114,0,0,0,0,0,28,0,0,0,0,185,1,0,0,0,0,0,0
1,0,1,0,114,0,0,0,0,0,32,0,0,0,0,211,1,0,0,0,0,0,0
1,0,1,0,114,0,0,0,0,0,36,0,0,0,0,237,1,0,0,0,0,0,0
1,0,1,0,114,0,0,0,0,0,30,0,0,0,0,198,1,0,0,0,0,0,0
1,0,1,0,114,0,0,0,0,0,34,0,0,0,0,224,1,0,0,0,0,0,0
1,0,1,0,114,0,0,0,0,0,38,0,0,0,0,250,1,0,0,0,0,0,0
1,0,1,0,114,0,0,0,0,0,40,0,0,0,0,263,1,0,0,0,0,0,0
1,0,1,0,114,0,0,0,0,0,46,0,0,0,0,302,1,0,0,0,0,0,0
1,0,1,0,114,0,0,0,0,0,48,0,0,0,0,315,1,0,0,0,0,0,0
1,0,1,0,114,0,0,0,0,0,44,0,0,0,0,289,1,0,0,0,0,0,0
1,0,1,0,114,0,0,0,0,0,50,0,0,0,0,328,1,0,0,0,0,0,0
1,0,1,0,114,0,0,0,0,0,52,0,0,0,0,341,1,0,0,0,0,0,0
1,0,1,0,114,0,0,0,0,0,54,0,0,0,0,354,1,0,0,0,0,0,0
1,0,1,0,114,0,0,0,0,0,58,0,0,0,0,380,1,0,0,0,0,0,0
1,0,1,0,114,0,0,0,0,0,56,0,0,0,0,367,1,0,0,0,0,0,0
1,0,1,0,114,0,0,0,0,0,60,0,0,0,0,393,1,0,0,0,0,0,0
1,0,1,0,114,0,0,0,0,0,64,0,0,0,0,419,1,0,0,0,0,0,0
1,0,1,0,114,0,0,0,0,0,62,0,0,0,0,406,1,0,0,0,0,0,0
1,0,1,0,114,0,0,0,0,0,68,0,0,0,0,445,1,0,0,0,0,0,0
1,0,1,0,114,0,0,0,0,0,66,0,0,0,0,432,1,0,0,0,0,0,0
1,0,1,0,114,0,0,0,0,0,70,0,0,0,0,458,1,0,0,0,0,0,0
1,0,1,0,114,0,0,0,0,0,74,0,0,0,0,484,1,0,0,0,0,0,0
1,0,1,0,114,0,0,0,0,0,72,0,0,0,0,471,1,0,0,0,0,0,0
1,0,1,0,114,0,0,0,0,0,80,0,0,0,0,523,1,0,0,0,0,0,0
1,0,1,0,114,0,0,0,0,0,78,0,0,0,0,510,1,0,0,0,0,0,0
1,0,1,0,114,0,0,0,0,0,76,0,0,0,0,497,1,0,0,0,0,0,0
1,0,1,0,114,0,0,0,0,0,82,0,0,0,0,536,1,0,0,0,0,0,0
1,0,1,0,114,0,0,0,0,0,86,0,0,0,0,562,1,0,0,0,0,0,0
1,0,1,0,114,0,0,0,0,0,90,0,0,0,0,588,1,0,0,0,0,0,0
1,0,1,0,114,0,0,0,0,0,84,0,0,0,0,549,1,0,0,0,0,0,0
1,0,1,0,114,0,0,0,0,0,94,0,0,0,0,614,1,0,0,0,0,0,0
1,0,1,0,114,0,0,0,0,0,88,0,0,0,0,575,1,0,0,0,0,0,0
1,0,1,0,114,0,0,0,0,0,92,0,0,0,0,601,1,0,0,0,0,0,0
1,0,1,0,114,0,0,0,0,0,96,0,0,0,0,627,1,0,0,0,0,0,0
1,0,1,0,114,0,0,0,0,0,98,0,0,0,0,640,1,0,0,0,0,0,0
1,0,1,0,114,0,0,0,0,0,102,0,0,0,0,666,1,0,0,0,0,0,0
1,0,1,0,114,0,0,0,0,0,100,0,0,0,0,653,1,0,0,0,0,0,0
1,0,1,0,114,0,0,0,0,0,106,0,0,0,0,692,1,0,0,0,0,0,0
1,0,1,0,114,0,0,0,0,0,110,0,0,0,0,718,1,0,0,0,0,0,0
1,0,1,0,114,0,0,0,0,0,114,0,0,0,0,744,1,0,0,0,0,0,0
1,0,1,0,114,0,0,0,0,0,104,0,0,0,0,679,1,0,0,0,0,0,0
1,0,1,0,114,0,0,0,0,0,112,0,0,0,0,731,1,0,0,0,0,0,0
1,0,1,0,6,0,0,0,0,0,108,0,0,0,0,705,1,0,0,0,0,0,0
1,0,1,0,114,0,0,0,0,0,118,0,0,0,0,770,1,0,0,0,0,0,0
1,0,1,0,114,0,0,0,0,0,116,0,0,0,0,757,1,0,0,0,0,0,0
1,0,1,0,114,0,0,0,0,0,120,0,0,0,0,783,1,0,0,0,0,0,0
1,0,1,0,114,0,0,0,0,0,122,0,0,0,0,796,1,0,0,0,0,0,0
1,0,1,0,114,0,0,0,0,0,124,0,0,0,0,809,1,0,0,0,0,0,0
1,0,1,0,114,0,0,0,0,0,126,0,0,0,0,822,1,0,0,0,0,0,0
1,0,1,0,114,0,0,0,0,0,130,0,0,0,0,848,1,0,0,0,0,0,0
1,0,1,0,114,0,0,0,0,0,128,0,0,0,0,835,1,0,0,0,0,0,0
1,0,1,0,114,0,0,0,0,0,134,0,0,0,0,874,1,0,0,0,0,0,0
1,0,1,0,114,0,0,0,0,0,132,0,0,0,0,861,1,0,0,0,0,0,0
1,0,1,0,114,0,0,0,0,0,138,0,0,0,0,900,1,0,0,0,0,0,0
1,0,1,0,114,0,0,0,0,0,136,0,0,0,0,887,1,0,0,0,0,0,0
1,0,1,0,114,0,0,0,0,0,144,0,0,0,0,939,1,0,0,0,0,0,0
1,0,1,0,114,0,0,0,0,0,146,0,0,0,0,952,1,0,0,0,0,0,0
1,0,1,0,114,0,0,0,0,0,140,0,0,0,0,913,1,0,0,0,0,0,0
1,0,1,0,114,0,0,0,0,0,148,0,0,0,0,965,1,0,0,0,0,0,0
1,0,1,0,114,0,0,0,0,0,142,0,0,0,0,926,1,0,0,0,0,0,0
1,0,1,0,114,0,0,0,0,0,158,0,0,0,0,1030,1,0,0,0,0,0,0
1,0,1,0,114,0,0,0,0,0,150,0,0,0,0,978,1,0,0,0,0,0,0
1,0,1,0,114,0,0,0,0,0,154,0,0,0,0,1004,1,0,0,0,0,0,0
1,0,1,0,114,0,0,0,0,0,156,0,0,0,0,1017,1,0,0,0,0,0,0
1,0,1,0,114,0,0,0,0,0,152,0,0,0,0,991,1,0,0,0,0,0,0
1,0,1,0,114,0,0,0,0,0,160,0,0,0,0,1043,1,0,0,0,0,0,0
1,0,1,0,114,0,0,0,0,0,162,0,0,0,0,1056,1,0,0,0,0,0,0
1,0,1,0,114,0,0,0,0,0,164,0,0,0,0,1069,1,0,0,0,0,0,0
1,0,1,0,114,0,0,0,0,0,172,0,0,0,0,1121,1,0,0,0,0,0,0
1,0,1,0,114,0,0,0,0,0,166,0,0,0,0,1082,1,0,0,0,0,0,0
1,0,1,0,114,0,0,0,0,0,174,0,0,0,0,1134,1,0,0,0,0,0,0
1,0,1,0,114,0,0,0,0,0,168,0,0,0,0,1095,1,0,0,0,0,0,0
1,0,1,0,114,0,0,0,0,0,170,0,0,0,0,1108,1,0,0,0,0,0,0
1,0,1,0,114,0,0,0,0,0,176,0,0,0,0,1147,1,0,0,0,0,0,0
1,0,1,0,114,0,0,0,0,0,178,0,0,0,0,1160,1,0,0,0,0,0,0
1,0,1,0,114,0,0,0,0,0,182,0,0,0,0,1186,1,0,0,0,0,0,0
1,0,1,0,114,0,0,0,0,0,180,0,0,0,0,1173,1,0,0,0,0,0,0
1,0,1,0,114,0,0,0,0,0,186,0,0,0,0,1212,1,0,0,0,0,0,0
1,0,1,0,114,0,0,0,0,0,190,0,0,0,0,1238,1,0,0,0,0,0,0
1,0,1,0,114,0,0,0,0,0,184,0,0,0,0,1199,1,0,0,0,0,0,0
1,0,1,0,114,0,0,0,0,0,188,0,0,0,0,1225,1,0,0,0,0,0,0
1,0,1,0,114,0,0,0,0,0,194,0,0,0,0,1264,1,0,0,0,0,0,0
1,0,1,0,114,0,0,0,0,0,198,0,0,0,0,1290,1,0,0,0,0,0,0
1,0,1,0,114,0,0,0,0,0,192,0,0,0,0,1251,1,0,0,0,0,0,0
1,0,1,0,114,0,0,0,0,0,196,0,0,0,0,1277,1,0,0,0,0,0,0
1,0,1,0,114,0,0,0,0,0,200,0,0,0,0,1303,1,0,0,0,0,0,0
1,0,1,0,114,0,0,0,0,0,204,0,0,0,0,1330,1,0,0,0,0,0,0
1,0,1,0,114,0,0,0,0,0,202,0,0,0,0,1316,1,0,0,0,0,0,0
1,1,1,0,114,0,0,0,3,0,8,0,0,0,0,71,1,0,0,2,0,0,0
1,1,1,0,244,0,0,0,6,0,9,0,0,0,0,88,1,0,0,2,0,0,0
1,1,1,0,149,0,0,0,6,0,9,0,0,0,0,88,1,0,0,2,0,0,0
1,1,1,0,114,0,0,0,5,0,9,0,0,0,0,86,1,0,0,2,0,0,0
1,1,1,0,114,0,0,0,6,0,8,0,0,0,0,87,1,0,0,2,0,0,0
1,1,1,0,114,0,0,0,6,0,8,0,0,0,0,86,1,0,0,2,0,0,0
1,1,1,0,219,0,0,0,5,0,9,0,0,0,0,86,1,0,0,2,0,0,0
1,1,1,0,114,0,0,0,6,0,9,0,0,0,0,87,1,0,0,2,0,0,0
1,1,1,0,114,0,0,0,6,0,8,0,0,0,0,86,1,0,0,2,0,0,0
1,1,1,0,149,0,0,0,6,0,9,0,0,0,0,88,1,0,0,2,0,0,0
1,1,1,0,114,0,0,0,6,0,9,0,0,0,0,87,1,0,0,2,0,0,0
1,1,1,0,219,0,0,0,5,0,10,0,0,0,0,87,1,0,0,2,0,0,0
1,1,1,0,114,0,0,0,6,0,8,0,0,0,0,87,1,0,0,2,0,0,0
1,1,1,0,244,0,0,0,5,0,9,0,0,0,0,87,1,0,0,2,0,0,0
1,1,1,0,244,0,0,0,5,0,9,0,0,0,0,86,1,0,0,2,0,0,0
1,1,1,0,114,0,0,0,5,0,9,0,0,0,0,86,1,0,0,2,0,0,0
1,1,1,0,149,0,0,0,6,0,9,0,0,0,0,87,1,0,0,2,0,0,0
1,1,1,0,114,0,0,0,6,0,9,0,0,0,0,88,1,0,0,2,0,0,0
1,1,1,0,244,0,0,0,5,0,9,0,0,0,0,87,1,0,0,2,0,0,0
1,1,1,0,6,0,0,0,6,0,9,0,0,0,0,89,1,0,0,2,0,0,0
1,1,1,0,114,0,0,0,6,0,9,0,0,0,0,87,1,0,0,2,0,0,0
1,1,1,0,114,0,0,0,6,0,10,0,0,0,0,88,1,0,0,2,0,0,0
1,1,1,0,114,0,0,0,6,0,9,0,0,0,0,88,1,0,0,2,0,0,0
1,1,1,0,149,0,0,0,6,0,9,0,0,0,0,87,1,0,0,2,0,0,0
1,1,1,0,244,0,0,0,6,0,9,0,0,0,0,89,1,0,0,2,0,0,0
1,1,1,0,114,0,0,0,5,0,9,0,0,0,0,85,1,0,0,2,0,0,0
1,1,1,0,114,0,0,0,6,0,9,0,0,0,0,88,1,0,0,2,0,0,0
1,1,1,0,114,0,0,0,6,0,8,0,0,0,0,86,1,0,0,2,0,0,0
1,1,1,0,244,0,0,0,5,0,9,0,0,0,0,87,1,0,0,2,0,0,0
1,1,1,0,149,0,0,0,6,0,10,0,0,0,0,89,1,0,0,2,0,0,0
1,1,1,0,244,0,0,0,6,0,9,0,0,0,0,88,1,0,0,2,0,0,0
1,1,1,0,244,0,0,0,6,0,9,0,0,0,0,89,1,0,0,2,0,0,0
1,1,1,0,244,0,0,0,6,0,9,0,0,0,0,88,1,0,0,2,0,0,0
1,1,1,0,114,0,0,0,6,0,9,0,0,0,0,87,1,0,0,2,0,0,0
1,1,1,0,244,0,0,0,6,0,9,0,0,0,0,88,1,0,0,2,0,0,0
1,1,1,0,114,0,0,0,5,0,10,0,0,0,0,87,1,0,0,2,0,0,0
1,1,1,0,219,0,0,0,5,0,9,0,0,0,0,85,1,0,0,2,0,0,0
1,1,1,0,114,0,0,0,6,0,10,0,0,0,0,89,1,0,0,2,0,0,0
1,1,1,0,244,0,0,0,6,0,9,0,0,0,0,89,1,0,0,2,0,0,0
1,1,1,0,244,0,0,0,5,0,9,0,0,0,0,87,1,0,0,2,0,0,0
1,1,1,0,149,0,0,0,6,0,10,0,0,0,0,88,1,0,0,2,0,0,0
1,1,1,0,114,0,0,0,6,0,8,0,0,0,0,86,1,0,0,2,0,0,0
1,1,1,0,244,0,0,0,5,0,9,0,0,0,0,86,1,0,0,2,0,0,0
1,1,1,0,219,0,0,0,5,0,9,0,0,0,0,86,1,0,0,2,0,0,0
1,0,1,0,114,0,0,0,0,0,8,0,0,0,0,86,1,0,0,0,0,0,0
1,0,1,0,114,0,0,0,0,0,7,0,0,0,0,86,1,0,0,0,0,0,0
1,0,1,0,114,0,0,0,0,0,7,0,0,0,0,79,1,0,0,0,0,0,0
1,0,1,0,114,0,0,0,0,0,8,0,0,0,0,80,1,0,0,0,0,0,0
1,0,1,0,114,0,0,0,0,0,8,0,0,0,0,88,1,0,0,0,0,0,0
1,0,1,0,114,0,0,0,0,0,8,0,0,0,0,80,1,0,0,0,0,0,0
1,0,1,0,114,0,0,0,0,0,8,0,0,0,0,81,1,0,0,0,0,0,0
1,1,1,0,114,0,0,0,3,0,8,0,0,0,0,72,1,0,0,2,0,0,0
2,1,1,0,114,0,0,0,6,0,8,0,0,0,0,87,1,0,0,2,0,0,0
2,1,1,0,114,0,0,0,6,0,9,0,0,0,0,87,1,0,0,2,0,0,0
2,1,1,0,114,0,0,0,6,0,8,0,0,0,0,80,1,0,0,2,0,0,0
2,1,1,0,114,0,0,0,6,0,9,0,0,0,0,89,1,0,0,2,0,0,0
2,1,1,0,114,0,0,0,6,0,9,0,0,0,0,81,1,0,0,2,0,0,0
2,1,1,0,114,0,0,0,6,0,9,0,0,0,0,81,1,0,0,2,0,0,0
2,1,1,0,114,0,0,0,6,0,8,0,0,0,0,86,1,0,0,2,0,0,0
2,1,1,0,114,0,0,0,6,0,9,0,0,0,0,88,1,0,0,2,0,0,0
2,1,1,0,114,0,0,0,6,0,8,0,0,0,0,88,1,0,0,2,0,0,0
2,1,1,0,114,0,0,0,6,0,8,0,0,0,0,80,1,0,0,2,0,0,0
2,1,1,0,114,0,0,0,6,0,8,0,0,0,0,80,1,0,0,2,0,0,0
2,1,1,0,114,0,0,0,6,0,9,0,0,0,0,81,1,0,0,2,0,0,0
2,1,1,0,114,0,0,0,6,0,9,0,0,0,0,82,1,0,0,2,0,0,0
0,0,0,0,152,0,0,0,0,0,11,0,0,0,0,59,0,0,0,0,0,0,0
1,0,1,0,114,0,0,0,0,0,16,0,0,0,0,97,1,0,0,0,0,0,0
1,0,1,0,114,0,0,0,0,0,12,0,0,0,0,77,1,0,0,0,0,0,0
1,0,1,0,114,0,0,0,0,0,8,0,0,0,0,57,1,0,0,0,0,0,0
1,0,1,0,114,0,0,0,0,0,20,0,0,0,0,117,1,0,0,0,0,0,0
1,0,1,0,114,0,0,0,0,0,24,0,0,0,0,137,1,0,0,0,0,0,0
1,0,1,0,114,0,0,0,0,0,28,0,0,0,0,157,1,0,0,0,0,0,0
1,0,1,0,114,0,0,0,0,0,36,0,0,0,0,197,1,0,0,0,0,0,0
1,0,1,0,114,0,0,0,0,0,32,0,0,0,0,177,1,0,0,0,0,0,0
1,0,1,0,114,0,0,0,0,0,40,0,0,0,0,217,1,0,0,0,0,0,0
1,0,1,0,114,0,0,0,0,0,44,0,0,0,0,238,1,0,0,0,0,0,0
1,0,1,0,114,0,0,0,0,0,48,0,0,0,0,259,1,0,0,0,0,0,0
1,0,1,0,114,0,0,0,0,0,56,0,0,0,0,301,1,0,0,0,0,0,0
1,0,1,0,114,0,0,0,0,0,64,0,0,0,0,343,1,0,0,0,0,0,0
1,0,1,0,114,0,0,0,0,0,52,0,0,0,0,280,1,0,0,0,0,0,0
1,0,1,0,114,0,0,0,0,0,60,0,0,0,0,322,1,0,0,0,0,0,0
1,0,1,0,114,0,0,0,0,0,68,0,0,0,0,364,1,0,0,0,0,0,0
1,0,1,0,114,0,0,0,0,0,72,0,0,0,0,385,1,0,0,0,0,0,0
1,0,1,0,114,0,0,0,0,0,76,0,0,0,0,406,1,0,0,0,0,0,0
1,0,1,0,114,0,0,0,0,0,84,0,0,0,0,448,1,0,0,0,0,0,0
1,0,1,0,114,0,0,0,0,0,92,0,0,0,0,490,1,0,0,0,0,0,0
1,0,1,0,114,0,0,0,0,0,88,0,0,0,0,469,1,0,0,0,0,0,0
1,0,1,0,114,0,0,0,0,0,80,0,0,0,0,427,1,0,0,0,0,0,0
1,0,1,0,114,0,0,0,0,0,100,0,0,0,0,532,1,0,0,0,0,0,0
1,0,1,0,114,0,0,0,0,0,96,0,0,0,0,511,1,0,0,0,0,0,0
1,0,1,0,114,0,0,0,0,0,104,0,0,0,0,553,1,0,0,0,0,0,0
1,0,1,0,114,0,0,0,0,0,112,0,0,0,0,595,1,0,0,0,0,0,0
1,0,1,0,114,0,0,0,0,0,116,0,0,0,0,616,1,0,0,0,0,0,0
1,0,1,0,114,0,0,0,0,0,124,0,0,0,0,658,1,0,0,0,0,0,0
1,0,1,0,114,0,0,0,0,0,108,0,0,0,0,574,1,0,0,0,0,0,0
1,0,1,0,114,0,0,0,0,0,120,0,0,0,0,637,1,0,0,0,0,0,0
1,0,1,0,114,0,0,0,0,0,128,0,0,0,0,679,1,0,0,0,0,0,0
1,0,1,0,114,0,0,0,0,0,136,0,0,0,0,721,1,0,0,0,0,0,0
1,0,1,0,114,0,0,0,0,0,132,0,0,0,0,700,1,0,0,0,0,0,0
1,0,1,0,114,0,0,0,0,0,140,0,0,0,0,742,1,0,0,0,0,0,0
1,0,1,0,114,0,0,0,0,0,148,0,0,0,0,784,1,0,0,0,0,0,0
1,0,1,0,114,0,0,0,0,0,144,0,0,0,0,763,1,0,0,0,0,0,0
1,0,1,0,114,0,0,0,0,0,152,0,0,0,0,805,1,0,0,0,0,0,0
1,0,1,0,114,0,0,0,0,0,156,0,0,0,0,826,1,0,0,0,0,0,0
1,0,1,0,114,0,0,0,0,0,160,0,0,0,0,847,1,0,0,0,0,0,0
1,0,1,0,114,0,0,0,0,0,164,0,0,0,0,868,1,0,0,0,0,0,0
1,0,1,0,114,0,0,0,0,0,168,0,0,0,0,889,1,0,0,0,0,0,0
1,0,1,0,114,0,0,0,0,0,172,0,0,0,0,910,1,0,0,0,0,0,0
1,0,1,0,114,0,0,0,0,0,176,0,0,0,0,931,1,0,0,0,0,0,0
1,0,1,0,114,0,0,0,0,0,188,0,0,0,0,994,1,0,0,0,0,0,0
1,0,1,0,114,0,0,0,0,0,192,0,0,0,0,1015,1,0,0,0,0,0,0
1,0,1,0,114,0,0,0,0,0,184,0,0,0,0,973,1,0,0,0,0,0,0
1,0,1,0,114,0,0,0,0,0,196,0,0,0,0,1036,1,0,0,0,0,0,0
1,0,1,0,114,0,0,0,0,0,180,0,0,0,0,952,1,0,0,0,0,0,0
1,0,1,0,114,0,0,0,0,0,200,0,0,0,0,1057,1,0,0,0,0,0,0
1,0,1,0,114,0,0,0,0,0,204,0,0,0,0,1078,1,0,0,0,0,0,0
1,0,1,0,114,0,0,0,0,0,208,0,0,0,0,1099,1,0,0,0,0,0,0
1,0,1,0,114,0,0,0,0,0,212,0,0,0,0,1120,1,0,0,0,0,0,0
1,0,1,0,114,0,0,0,0,0,216,0,0,0,0,1141,1,0,0,0,0,0,0
1,0,1,0,114,0,0,0,0,0,220,0,0,0,0,1162,1,0,0,0,0,0,0
1,0,1,0,114,0,0,0,0,0,228,0,0,0,0,1204,1,0,0,0,0,0,0
1,0,1,0,114,0,0,0,0,0,232,0,0,0,0,1225,1,0,0,0,0,0,0
1,0,1,0,114,0,0,0,0,0,224,0,0,0,0,1183,1,0,0,0,0,0,0
1,0,1,0,114,0,0,0,0,0,240,0,0,0,0,1267,1,0,0,0,0,0,0
1,0,1,0,114,0,0,0,0,0,248,0,0,0,0,1309,1,0,0,0,0,0,0
1,0,1,0,114,0,0,0,0,0,236,0,0,0,0,1246,1,0,0,0,0,0,0
1,0,1,0,114,0,0,0,0,0,244,0,0,0,0,1288,1,0,0,0,0,0,0
1,0,1,0,114,0,0,0,0,0,252,0,0,0,0,1330,1,0,0,0,0,0,0
1,0,1,0,6,0,0,0,0,0,268,0,0,0,0,1414,1,0,0,0,0,0,0
1,0,1,0,114,0,0,0,0,0,256,0,0,0,0,1351,1,0,0,0,0,0,0
1,0,1,0,114,0,0,0,0,0,260,0,0,0,0,1372,1,0,0,0,0,0,0
1,0,1,0,114,0,0,0,0,0,264,0,0,0,0,1393,1,0,0,0,0,0,0
1,0,1,0,6,0,0,0,0,0,272,0,0,0,0,1435,1,0,0,0,0,0,0
1,0,1,0,6,0,0,0,0,0,276,0,0,0,0,1456,1,0,0,0,0,0,0
1,0,1,0,114,0,0,0,0,0,304,0,0,0,0,1603,1,0,0,0,0,0,0
1,0,1,0,114,0,0,0,0,0,312,0,0,0,0,1645,1,0,0,0,0,0,0
1,0,1,0,6,0,0,0,0,0,320,0,0,0,0,1687,1,0,0,0,0,0,0
1,0,1,0,6,0,0,0,0,0,316,0,0,0,0,1666,1,0,0,0,0,0,0
1,0,1,0,114,0,0,0,0,0,324,0,0,0,0,1708,1,0,0,0,0,0,0
1,0,1,0,6,0,0,0,0,0,328,0,0,0,0,1729,1,0,0,0,0,0,0
1,0,1,0,6,0,0,0,0,0,348,0,0,0,0,1834,1,0,0,0,0,0,0
1,0,1,0,6,0,0,0,0,0,344,0,0,0,0,1813,1,0,0,0,0,0,0
1,0,1,0,6,0,0,0,0,0,336,0,0,0,0,1771,1,0,0,0,0,0,0
1,0,1,0,6,0,0,0,0,0,356,0,0,0,0,1876,1,0,0,0,0,0,0
1,0,1,0,6,0,0,0,0,0,352,0,0,0,0,1855,1,0,0,0,0,0,0
1,0,1,0,6,0,0,0,0,0,364,0,0,0,0,1918,1,0,0,0,0,0,0
1,0,1,0,6,0,0,0,0,0,360,0,0,0,0,1897,1,0,0,0,0,0,0
1,0,1,0,114,0,0,0,0,0,368,0,0,0,0,1939,1,0,0,0,0,0,0
0,0,1,0,5,0,0,0,0,0,1,0,0,0,0,14,0,0,0,0,0,0,0
1,0,1,0,6,0,0,0,0,0,380,0,0,0,0,2002,1,0,0,0,0,0,0
1,0,1,0,6,0,0,0,0,0,384,0,0,0,0,2023,1,0,0,0,0,0,0
1,0,1,0,6,0,0,0,0,0,388,0,0,0,0,2044,1,0,0,0,0,0,0
1,0,1,0,6,0,0,0,0,0,396,0,0,0,0,2086,1,0,0,0,0,0,0
1,0,1,0,6,0,0,0,0,0,400,0,0,0,0,2107,1,0,0,0,0,0,0
1,0,1,0,6,0,0,0,0,0,392,0,0,0,0,2065,1,0,0,0,0,0,0
1,1,1,0,114,0,0,0,3,0,8,0,0,0,0,71,1,0,0,2,0,0,0
1,1,1,0,244,0,0,0,6,0,9,0,0,0,0,88,1,0,0,2,0,0,0
1,1,1,0,244,0,0,0,6,0,9,0,0,0,0,89,1,0,0,2,0,0,0
1,1,1,0,244,0,0,0,6,0,9,0,0,0,0,89,1,0,0,2,0,0,0
1,1,1,0,244,0,0,0,5,0,9,0,0,0,0,87,1,0,0,2,0,0,0
1,1,1,0,149,0,0,0,6,0,9,0,0,0,0,87,1,0,0,2,0,0,0
1,1,1,0,114,0,0,0,6,0,8,0,0,0,0,86,1,0,0,2,0,0,0
1,1,1,0,114,0,0,0,6,0,8,0,0,0,0,87,1,0,0,2,0,0,0
1,1,1,0,149,0,0,0,6,0,9,0,0,0,0,88,1,0,0,2,0,0,0
1,1,1,0,114,0,0,0,5,0,9,0,0,0,0,85,1,0,0,2,0,0,0
1,1,1,0,219,0,0,0,5,0,10,0,0,0,0,87,1,0,0,2,0,0,0
1,1,1,0,114,0,0,0,6,0,9,0,0,0,0,88,1,0,0,2,0,0,0
1,1,1,0,219,0,0,0,5,0,9,0,0,0,0,85,1,0,0,2,0,0,0
1,1,1,0,244,0,0,0,5,0,9,0,0,0,0,87,1,0,0,2,0,0,0
1,1,1,0,114,0,0,0,6,0,9,0,0,0,0,87,1,0,0,2,0,0,0
1,1,1,0,114,0,0,0,6,0,9,0,0,0,0,88,1,0,0,2,0,0,0
1,1,1,0,244,0,0,0,6,0,9,0,0,0,0,88,1,0,0,2,0,0,0
1,1,1,0,114,0,0,0,6,0,8,0,0,0,0,86,1,0,0,2,0,0,0
1,1,1,0,149,0,0,0,6,0,9,0,0,0,0,87,1,0,0,2,0,0,0
1,1,1,0,114,0,0,0,6,0,8,0,0,0,0,86,1,0,0,2,0,0,0
1,1,1,0,149,0,0,0,6,0,10,0,0,0,0,88,1,0,0,2,0,0,0
1,1,1,0,114,0,0,0,5,0,9,0,0,0,0,86,1,0,0,2,0,0,0
1,1,1,0,114,0,0,0,6,0,10,0,0,0,0,89,1,0,0,2,0,0,0
1,1,1,0,244,0,0,0,5,0,9,0,0,0,0,87,1,0,0,2,0,0,0
1,1,1,0,114,0,0,0,6,0,9,0,0,0,0,87,1,0,0,2,0,0,0
1,1,1,0,114,0,0,0,6,0,8,0,0,0,0,86,1,0,0,2,0,0,0
1,1,1,0,244,0,0,0,6,0,9,0,0,0,0,88,1,0,0,2,0,0,0
1,1,1,0,114,0,0,0,6,0,9,0,0,0,0,87,1,0,0,2,0,0,0
1,1,1,0,219,0,0,0,5,0,9,0,0,0,0,86,1,0,0,2,0,0,0
1,1,1,0,244,0,0,0,6,0,9,0,0,0,0,89,1,0,0,2,0,0,0
1,1,1,0,149,0,0,0,6,0,10,0,0,0,0,89,1,0,0,2,0,0,0
1,1,1,0,114,0,0,0,6,0,9,0,0,0,0,87,1,0,0,2,0,0,0
1,1,1,0,114,0,0,0,6,0,9,0,0,0,0,88,1,0,0,2,0,0,0
1,1,1,0,244,0,0,0,6,0,9,0,0,0,0,89,1,0,0,2,0,0,0
1,1,1,0,114,0,0,0,6,0,10,0,0,0,0,88,1,0,0,2,0,0,0
1,1,1,0,114,0,0,0,6,0,8,0,0,0,0,87,1,0,0,2,0,0,0
1,1,1,0,149,0,0,0,6,0,9,0,0,0,0,88,1,0,0,2,0,0,0
1,1,1,0,244,0,0,0,6,0,9,0,0,0,0,88,1,0,0,2,0,0,0
1,1,1,0,244,0,0,0,5,0,9,0,0,0,0,87,1,0,0,2,0,0,0
1,1,1,0,114,0,0,0,5,0,9,0,0,0,0,86,1,0,0,2,0,0,0
1,1,1,0,219,0,0,0,5,0,9,0,0,0,0,86,1,0,0,2,0,0,0
1,1,1,0,114,0,0,0,5,0,10,0,0,0,0,87,1,0,0,2,0,0,0
1,1,1,0,244,0,0,0,5,0,9,0,0,0,0,86,1,0,0,2,0,0,0
1,1,1,0,244,0,0,0,5,0,9,0,0,0,0,86,1,0,0,2,0,0,0
1,1,1,0,114,0,0,0,3,0,8,0,0,0,0,72,1,0,0,2,0,0,0
1,1,1,0,114,0,0,0,3,0,8,0,0,0,0,72,1,0,0,2,0,0,0
1,1,1,0,114,0,0,0,3,0,8,0,0,0,0,72,1,0,0,2,0,0,0
1,1,1,0,114,0,0,0,3,0,8,0,0,0,0,72,1,0,0,2,0,0,0
1,1,1,0,114,0,0,0,3,0,8,0,0,0,0,72,1,0,0,2,0,0,0
1,1,1,0,114,0,0,0,3,0,8,0,0,0,0,72,1,0,0,2,0,0,0
1,1,1,0,114,0,0,0,3,0,8,0,0,0,0,72,1,0,0,2,0,0,0
1,1,1,0,114,0,0,0,3,0,8,0,0,0,0,72,1,0,0,2,0,0,0
1,1,1,0,149,0,0,0,3,0,13,0,0,0,0,84,1,0,0,2,0,0,0
1,1,1,0,153,0,0,0,3,0,13,0,0,0,0,84,1,0,0,2,0,0,0
2,1,1,0,114,0,0,0,6,0,8,0,0,0,0,80,1,0,0,2,0,0,0
2,1,1,0,114,0,0,0,6,0,8,0,0,0,0,80,1,0,0,2,0,0,0
2,1,1,0,114,0,0,0,6,0,9,0,0,0,0,81,1,0,0,2,0,0,0
2,1,1,0,114,0,0,0,6,0,9,0,0,0,0,81,1,0,0,2,0,0,0
1,1,1,0,149,0,0,0,3,0,12,0,0,0,0,83,1,0,0,2,0,0,0
2,1,1,0,114,0,0,0,6,0,8,0,0,0,0,80,1,0,0,2,0,0,0
2,1,1,0,114,0,0,0,6,0,8,0,0,0,0,80,1,0,0,2,0,0,0
2,1,1,0,114,0,0,0,6,0,8,0,0,0,0,80,1,0,0,2,0,0,0
2,1,1,0,114,0,0,0,6,0,9,0,0,0,0,81,1,0,0,2,0,0,0
1,1,1,0,149,0,0,0,3,0,13,0,0,0,0,84,1,0,0,2,0,0,0
2,1,1,0,114,0,0,0,6,0,9,0,0,0,0,82,1,0,0,2,0,0,0
1,1,1,0,114,0,0,0,0,0,6,0,0,0,0,68,1,0,0,1,0,0,0
1,3,1,0,114,0,0,0,0,0,10,0,0,0,0,110,1,0,0,1,0,0,0
1,2,1,0,114,0,0,0,0,0,8,0,0,0,0,89,1,0,0,1,0,0,0
1,4,1,0,114,0,0,0,0,0,12,0,0,0,0,131,1,0,0,1,0,0,0
1,5,1,0,114,0,0,0,0,0,14,0,0,0,0,152,1,0,0,1,0,0,0
1,6,1,0,114,0,0,0,0,0,16,0,0,0,0,173,1,0,0,1,0,0,0
1,7,1,0,114,0,0,0,0,0,18,0,0,0,0,194,1,0,0,1,0,0,0
1,8,1,0,114,0,0,0,0,0,20,0,0,0,0,215,1,0,0,1,0,0,0
1,10,1,0,114,0,0,0,0,0,24,0,0,0,0,258,1,0,0,1,0,0,0
1,11,1,0,114,0,0,0,0,0,26,0,0,0,0,280,1,0,0,1,0,0,0
1,9,1,0,114,0,0,0,0,0,22,0,0,0,0,236,1,0,0,1,0,0,0
1,13,1,0,114,0,0,0,0,0,30,0,0,0,0,324,1,0,0,1,0,0,0
1,12,1,0,114,0,0,0,0,0,28,0,0,0,0,302,1,0,0,1,0,0,0
1,14,1,0,114,0,0,0,0,0,32,0,0,0,0,346,1,0,0,1,0,0,0
1,15,1,0,114,0,0,0,0,0,34,0,0,0,0,368,1,0,0,1,0,0,0
1,17,1,0,114,0,0,0,0,0,38,0,0,0,0,412,1,0,0,1,0,0,0
1,16,1,0,114,0,0,0,0,0,36,0,0,0,0,390,1,0,0,1,0,0,0
1,19,1,0,114,0,0,0,0,0,42,0,0,0,0,456,1,0,0,1,0,0,0
1,20,1,0,114,0,0,0,0,0,44,0,0,0,0,478,1,0,0,1,0,0,0
1,18,1,0,114,0,0,0,0,0,40,0,0,0,0,434,1,0,0,1,0,0,0
1,21,1,0,114,0,0,0,0,0,46,0,0,0,0,500,1,0,0,1,0,0,0
1,22,1,0,114,0,0,0,0,0,48,0,0,0,0,522,1,0,0,1,0,0,0
1,23,1,0,114,0,0,0,0,0,50,0,0,0,0,544,1,0,0,1,0,0,0
1,24,1,0,114,0,0,0,0,0,52,0,0,0,0,566,1,0,0,1,0,0,0
1,25,1,0,114,0,0,0,0,0,54,0,0,0,0,588,1,0,0,1,0,0,0
1,29,1,0,114,0,0,0,0,0,62,0,0,0,0,676,1,0,0,1,0,0,0
1,26,1,0,114,0,0,0,0,0,56,0,0,0,0,610,1,0,0,1,0,0,0
1,30,1,0,114,0,0,0,0,0,64,0,0,0,0,698,1,0,0,1,0,0,0
1,28,1,0,114,0,0,0,0,0,60,0,0,0,0,654,1,0,0,1,0,0,0
1,27,1,0,114,0,0,0,0,0,58,0,0,0,0,632,1,0,0,1,0,0,0
1,31,1,0,114,0,0,0,0,0,66,0,0,0,0,720,1,0,0,1,0,0,0
1,32,1,0,114,0,0,0,0,0,68,0,0,0,0,742,1,0,0,1,0,0,0
1,33,1,0,114,0,0,0,0,0,70,0,0,0,0,764,1,0,0,1,0,0,0
1,36,1,0,114,0,0,0,0,0,76,0,0,0,0,830,1,0,0,1,0,0,0
1,34,1,0,114,0,0,0,0,0,72,0,0,0,0,786,1,0,0,1,0,0,0
1,37,1,0,114,0,0,0,0,0,78,0,0,0,0,852,1,0,0,1,0,0,0
1,35,1,0,114,0,0,0,0,0,74,0,0,0,0,808,1,0,0,1,0,0,0
1,38,1,0,114,0,0,0,0,0,80,0,0,0,0,874,1,0,0,1,0,0,0
1,39,1,0,114,0,0,0,0,0,82,0,0,0,0,896,1,0,0,1,0,0,0
1,41,1,0,114,0,0,0,0,0,86,0,0,0,0,940,1,0,0,1,0,0,0
1,42,1,0,114,0,0,0,0,0,88,0,0,0,0,962,1,0,0,1,0,0,0
1,40,1,0,114,0,0,0,0,0,84,0,0,0,0,918,1,0,0,1,0,0,0
1,43,1,0,114,0,0,0,0,0,90,0,0,0,0,984,1,0,0,1,0,0,0
1,45,1,0,114,0,0,0,0,0,94,0,0,0,0,1028,1,0,0,1,0,0,0
1,44,1,0,114,0,0,0,0,0,92,0,0,0,0,1006,1,0,0,1,0,0,0
1,46,1,0,114,0,0,0,0,0,96,0,0,0,0,1050,1,0,0,1,0,0,0
1,47,1,0,114,0,0,0,0,0,98,0,0,0,0,1072,1,0,0,1,0,0,0
1,48,1,0,114,0,0,0,0,0,100,0,0,0,0,1094,1,0,0,1,0,0,0
1,49,1,0,114,0,0,0,0,0,102,0,0,0,0,1116,1,0,0,1,0,0,0
1,51,1,0,114,0,0,0,0,0,106,0,0,0,0,1160,1,0,0,1,0,0,0
1,52,1,0,114,0,0,0,0,0,108,0,0,0,0,1182,1,0,0,1,0,0,0
1,50,1,0,114,0,0,0,0,0,104,0,0,0,0,1138,1,0,0,1,0,0,0
1,56,1,0,114,0,0,0,0,0,116,0,0,0,0,1270,1,0,0,1,0,0,0
1,54,1,0,114,0,0,0,0,0,112,0,0,0,0,1226,1,0,0,1,0,0,0
1,57,1,0,114,0,0,0,0,0,118,0,0,0,0,1292,1,0,0,1,0,0,0
1,53,1,0,114,0,0,0,0,0,110,0,0,0,0,1204,1,0,0,1,0,0,0
1,55,1,0,114,0,0,0,0,0,114,0,0,0,0,1248,1,0,0,1,0,0,0
1,58,1,0,114,0,0,0,0,0,120,0,0,0,0,1314,1,0,0,1,0,0,0
1,59,1,0,114,0,0,0,0,0,122,0,0,0,0,1336,1,0,0,1,0,0,0
1,63,1,0,6,0,0,0,0,0,130,0,0,0,0,1424,1,0,0,1,0,0,0
1,61,1,0,114,0,0,0,0,0,126,0,0,0,0,1380,1,0,0,1,0,0,0
1,62,1,0,114,0,0,0,0,0,128,0,0,0,0,1402,1,0,0,1,0,0,0
1,60,1,0,114,0,0,0,0,0,124,0,0,0,0,1358,1,0,0,1,0,0,0
1,64,1,0,6,0,0,0,0,0,132,0,0,0,0,1446,1,0,0,1,0,0,0
1,66,1,0,6,0,0,0,0,0,136,0,0,0,0,1490,1,0,0,1,0,0,0
1,67,1,0,6,0,0,0,0,0,138,0,0,0,0,1512,1,0,0,1,0,0,0
1,65,1,0,114,0,0,0,0,0,134,0,0,0,0,1468,1,0,0,1,0,0,0
1,69,1,0,6,0,0,0,0,0,142,0,0,0,0,1556,1,0,0,1,0,0,0
1,72,1,0,6,0,0,0,0,0,148,0,0,0,0,1622,1,0,0,1,0,0,0
1,70,1,0,6,0,0,0,0,0,144,0,0,0,0,1578,1,0,0,1,0,0,0
1,73,1,0,6,0,0,0,0,0,150,0,0,0,0,1644,1,0,0,1,0,0,0
1,71,1,0,6,0,0,0,0,0,146,0,0,0,0,1600,1,0,0,1,0,0,0
1,68,1,0,6,0,0,0,0,0,140,0,0,0,0,1534,1,0,0,1,0,0,0
1,78,1,0,6,0,0,0,0,0,160,0,0,0,0,1754,1,0,0,1,0,0,0
1,77,1,0,6,0,0,0,0,0,158,0,0,0,0,1732,1,0,0,1,0,0,0
1,74,1,0,6,0,0,0,0,0,152,0,0,0,0,1666,1,0,0,1,0,0,0
1,76,1,0,6,0,0,0,0,0,156,0,0,0,0,1710,1,0,0,1,0,0,0
1,79,1,0,6,0,0,0,0,0,162,0,0,0,0,1776,1,0,0,1,0,0,0
1,80,1,0,6,0,0,0,0,0,164,0,0,0,0,1798,1,0,0,1,0,0,0
1,75,1,0,6,0,0,0,0,0,154,0,0,0,0,1688,1,0,0,1,0,0,0
1,81,1,0,6,0,0,0,0,0,166,0,0,0,0,1820,1,0,0,1,0,0,0
1,82,1,0,6,0,0,0,0,0,168,0,0,0,0,1842,1,0,0,1,0,0,0
1,83,1,0,6,0,0,0,0,0,170,0,0,0,0,1864,1,0,0,1,0,0,0
1,84,1,0,6,0,0,0,0,0,172,0,0,0,0,1886,1,0,0,1,0,0,0
1,85,1,0,6,0,0,0,0,0,174,0,0,0,0,1908,1,0,0,1,0,0,0
1,87,1,0,6,0,0,0,0,0,178,0,0,0,0,1952,1,0,0,1,0,0,0
0,0,1,0,5,0,0,0,0,0,1,0,0,0,0,14,0,0,0,0,0,0,0
1,90,1,0,6,0,0,0,0,0,184,0,0,0,0,2018,1,0,0,1,0,0,0
1,89,1,0,6,0,0,0,0,0,182,0,0,0,0,1996,1,0,0,1,0,0,0
1,88,1,0,6,0,0,0,0,0,180,0,0,0,0,1974,1,0,0,1,0,0,0
1,95,1,0,6,0,0,0,0,0,194,0,0,0,0,2128,1,0,0,1,0,0,0
1,94,1,0,6,0,0,0,0,0,192,0,0,0,0,2106,1,0,0,1,0,0,0
1,92,1,0,6,0,0,0,0,0,188,0,0,0,0,2062,1,0,0,1,0,0,0
1,93,1,0,6,0,0,0,0,0,190,0,0,0,0,2084,1,0,0,1,0,0,0
1,91,1,0,6,0,0,0,0,0,186,0,0,0,0,2040,1,0,0,1,0,0,0
1,97,1,0,6,0,0,0,0,0,198,0,0,0,0,2172,1,0,0,1,0,0,0
1,100,1,0,6,0,0,0,0,0,204,0,0,0,0,2239,1,0,0,1,0,0,0
1,1,1,0,114,0,0,0,3,0,8,0,0,0,0,71,1,0,0,2,0,0,0
1,1,1,0,114,0,0,0,6,0,9,0,0,0,0,87,1,0,0,2,0,0,0
1,1,1,0,244,0,0,0,6,0,9,0,0,0,0,89,1,0,0,2,0,0,0
1,1,1,0,244,0,0,0,5,0,9,0,0,0,0,87,1,0,0,2,0,0,0
1,1,1,0,114,0,0,0,6,0,8,0,0,0,0,86,1,0,0,2,0,0,0
1,1,1,0,114,0,0,0,6,0,8,0,0,0,0,87,1,0,0,2,0,0,0
1,1,1,0,219,0,0,0,5,0,9,0,0,0,0,86,1,0,0,2,0,0,0
1,1,1,0,114,0,0,0,5,0,9,0,0,0,0,86,1,0,0,2,0,0,0
1,1,1,0,114,0,0,0,6,0,9,0,0,0,0,88,1,0,0,2,0,0,0
1,1,1,0,114,0,0,0,6,0,8,0,0,0,0,86,1,0,0,2,0,0,0
1,1,1,0,114,0,0,0,6,0,10,0,0,0,0,89,1,0,0,2,0,0,0
1,1,1,0,114,0,0,0,6,0,10,0,0,0,0,88,1,0,0,2,0,0,0
1,1,1,0,244,0,0,0,6,0,9,0,0,0,0,89,1,0,0,2,0,0,0
1,1,1,0,244,0,0,0,5,0,9,0,0,0,0,87,1,0,0,2,0,0,0
1,1,1,0,244,0,0,0,6,0,9,0,0,0,0,88,1,0,0,2,0,0,0
1,1,1,0,114,0,0,0,6,0,9,0,0,0,0,87,1,0,0,2,0,0,0
1,1,1,0,114,0,0,0,6,0,8,0,0,0,0,86,1,0,0,2,0,0,0
1,1,1,0,244,0,0,0,6,0,9,0,0,0,0,89,1,0,0,2,0,0,0
1,1,1,0,219,0,0,0,5,0,9,0,0,0,0,86,1,0,0,2,0,0,0
1,1,1,0,219,0,0,0,5,0,10,0,0,0,0,87,1,0,0,2,0,0,0
1,1,1,0,244,0,0,0,6,0,9,0,0,0,0,88,1,0,0,2,0,0,0
1,1,1,0,114,0,0,0,6,0,9,0,0,0,0,87,1,0,0,2,0,0,0
1,1,1,0,114,0,0,0,6,0,8,0,0,0,0,87,1,0,0,2,0,0,0
1,1,1,0,114,0,0,0,6,0,9,0,0,0,0,88,1,0,0,2,0,0,0
1,1,1,0,149,0,0,0,6,0,9,0,0,0,0,87,1,0,0,2,0,0,0
1,1,1,0,114,0,0,0,5,0,9,0,0,0,0,85,1,0,0,2,0,0,0
1,1,1,0,244,0,0,0,6,0,9,0,0,0,0,88,1,0,0,2,0,0,0
1,1,1,0,244,0,0,0,6,0,9,0,0,0,0,88,1,0,0,2,0,0,0
1,1,1,0,149,0,0,0,6,0,10,0,0,0,0,89,1,0,0,2,0,0,0
1,1,1,0,149,0,0,0,6,0,9,0,0,0,0,88,1,0,0,2,0,0,0
1,1,1,0,149,0,0,0,6,0,9,0,0,0,0,87,1,0,0,2,0,0,0
1,1,1,0,6,0,0,0,5,0,9,0,0,0,0,87,1,0,0,2,0,0,0
1,1,1,0,114,0,0,0,6,0,9,0,0,0,0,88,1,0,0,2,0,0,0
1,1,1,0,244,0,0,0,5,0,9,0,0,0,0,87,1,0,0,2,0,0,0
1,1,1,0,114,0,0,0,6,0,9,0,0,0,0,87,1,0,0,2,0,0,0
1,1,1,0,114,0,0,0,5,0,9,0,0,0,0,86,1,0,0,2,0,0,0
1,1,1,0,219,0,0,0,5,0,9,0,0,0,0,85,1,0,0,2,0,0,0
1,1,1,0,149,0,0,0,6,0,9,0,0,0,0,88,1,0,0,2,0,0,0
1,1,1,0,244,0,0,0,5,0,9,0,0,0,0,86,1,0,0,2,0,0,0
1,1,1,0,244,0,0,0,5,0,9,0,0,0,0,86,1,0,0,2,0,0,0
1,1,1,0,149,0,0,0,6,0,10,0,0,0,0,88,1,0,0,2,0,0,0
1,1,1,0,114,0,0,0,6,0,8,0,0,0,0,86,1,0,0,2,0,0,0
1,1,1,0,244,0,0,0,6,0,9,0,0,0,0,89,1,0,0,2,0,0,0
1,1,1,0,114,0,0,0,5,0,10,0,0,0,0,87,1,0,0,2,0,0,0
1,1,1,0,150,0,0,0,7,0,17,0,0,0,0,130,1,0,0,2,0,0,0
1,1,1,0,150,0,0,0,7,0,18,0,0,0,0,131,1,0,0,2,0,0,0
1,1,1,0,153,0,0,0,5,0,22,0,0,0,0,135,1,0,0,2,0,0,0
1,1,1,0,149,0,0,0,5,0,22,0,0,0,0,135,1,0,0,2,0,0,0
1,1,1,0,150,0,0,0,7,0,17,0,0,0,0,130,1,0,0,2,0,0,0
1,1,1,0,150,0,0,0,7,0,18,0,0,0,0,131,1,0,0,2,0,0,0
1,1,1,0,150,0,0,0,7,0,18,0,0,0,0,132,1,0,0,2,0,0,0
1,1,1,0,114,0,0,0,3,0,8,0,0,0,0,72,1,0,0,2,0,0,0
2,1,1,0,114,0,0,0,6,0,8,0,0,0,0,80,1,0,0,2,0,0,0
2,1,1,0,114,0,0,0,6,0,9,0,0,0,0,81,1,0,0,2,0,0,0
1,1,1,0,153,0,0,0,3,0,13,0,0,0,0,84,1,0,0,2,0,0,0
1,1,1,0,149,0,0,0,3,0,13,0,0,0,0,84,1,0,0,2,0,0,0
2,1,1,0,114,0,0,0,6,0,8,0,0,0,0,80,1,0,0,2,0,0,0
2,1,1,0,114,0,0,0,6,0,9,0,0,0,0,81,1,0,0,2,0,0,0
1,1,1,0,149,0,0,0,3,0,13,0,0,0,0,84,1,0,0,2,0,0,0
2,1,1,0,114,0,0,0,6,0,8,0,0,0,0,80,1,0,0,2,0,0,0
2,1,1,0,114,0,0,0,6,0,8,0,0,0,0,80,1,0,0,2,0,0,0
1,1,1,0,149,0,0,0,3,0,12,0,0,0,0,83,1,0,0,2,0,0,0
2,1,1,0,114,0,0,0,6,0,8,0,0,0,0,80,1,0,0,2,0,0,0
2,1,1,0,114,0,0,0,6,0,9,0,0,0,0,81,1,0,0,2,0,0,0
2,1,1,0,114,0,0,0,6,0,9,0,0,0,0,82,1,0,0,2,0,0,0
1,0,1,0,114,0,0,0,0,0,7,1,0,0,0,69,1,0,0,0,0,0,0
1,0,1,0,114,0,0,0,0,0,10,2,0,0,0,100,1,0,0,0,0,0,0
1,0,1,0,114,0,0,0,0,0,13,3,0,0,0,131,1,0,0,0,0,0,0
1,0,1,0,114,0,0,0,0,0,16,4,0,0,0,162,1,0,0,0,0,0,0
1,0,1,0,114,0,0,0,0,0,19,5,0,0,0,193,1,0,0,0,0,0,0
1,0,1,0,114,0,0,0,0,0,28,8,0,0,0,286,1,0,0,0,0,0,0
1,0,1,0,114,0,0,0,0,0,25,7,0,0,0,255,1,0,0,0,0,0,0
1,0,1,0,114,0,0,0,0,0,22,6,0,0,0,224,1,0,0,0,0,0,0
1,0,1,0,114,0,0,0,0,0,31,9,0,0,0,317,1,0,0,0,0,0,0
1,0,1,0,114,0,0,0,0,0,34,10,0,0,0,349,1,0,0,0,0,0,0
1,0,1,0,114,0,0,0,0,0,37,11,0,0,0,381,1,0,0,0,0,0,0
1,0,1,0,114,0,0,0,0,0,40,12,0,0,0,413,1,0,0,0,0,0,0
1,0,1,0,114,0,0,0,0,0,43,13,0,0,0,445,1,0,0,0,0,0,0
1,0,1,0,114,0,0,0,0,0,49,15,0,0,0,509,1,0,0,0,0,0,0
1,0,1,0,114,0,0,0,0,0,46,14,0,0,0,477,1,0,0,0,0,0,0
1,0,1,0,114,0,0,0,0,0,52,16,0,0,0,541,1,0,0,0,0,0,0
1,0,1,0,114,0,0,0,0,0,55,17,0,0,0,573,1,0,0,0,0,0,0
1,0,1,0,114,0,0,0,0,0,61,19,0,0,0,637,1,0,0,0,0,0,0
1,0,1,0,114,0,0,0,0,0,58,18,0,0,0,605,1,0,0,0,0,0,0
1,0,1,0,114,0,0,0,0,0,64,20,0,0,0,669,1,0,0,0,0,0,0
1,0,1,0,114,0,0,0,0,0,67,21,0,0,0,701,1,0,0,0,0,0,0
1,0,1,0,114,0,0,0,0,0,76,24,0,0,0,797,1,0,0,0,0,0,0
1,0,1,0,114,0,0,0,0,0,73,23,0,0,0,765,1,0,0,0,0,0,0
1,0,1,0,114,0,0,0,0,0,70,22,0,0,0,733,1,0,0,0,0,0,0
1,0,1,0,114,0,0,0,0,0,79,25,0,0,0,829,1,0,0,0,0,0,0
1,0,1,0,114,0,0,0,0,0,88,28,0,0,0,925,1,0,0,0,0,0,0
1,0,1,0,114,0,0,0,0,0,82,26,0,0,0,861,1,0,0,0,0,0,0
1,0,1,0,114,0,0,0,0,0,85,27,0,0,0,893,1,0,0,0,0,0,0
1,0,1,0,114,0,0,0,0,0,91,29,0,0,0,957,1,0,0,0,0,0,0
1,0,1,0,114,0,0,0,0,0,100,32,0,0,0,1053,1,0,0,0,0,0,0
1,0,1,0,114,0,0,0,0,0,103,33,0,0,0,1085,1,0,0,0,0,0,0
1,0,1,0,114,0,0,0,0,0,97,31,0,0,0,1021,1,0,0,0,0,0,0
1,0,1,0,114,0,0,0,0,0,94,30,0,0,0,989,1,0,0,0,0,0,0
1,0,1,0,114,0,0,0,0,0,106,34,0,0,0,1117,1,0,0,0,0,0,0
1,0,1,0,114,0,0,0,0,0,109,35,0,0,0,1149,1,0,0,0,0,0,0
1,0,1,0,114,0,0,0,0,0,112,36,0,0,0,1181,1,0,0,0,0,0,0
1,0,1,0,114,0,0,0,0,0,115,37,0,0,0,1213,1,0,0,0,0,0,0
1,0,1,0,114,0,0,0,0,0,121,39,0,0,0,1277,1,0,0,0,0,0,0
1,0,1,0,114,0,0,0,0,0,118,38,0,0,0,1245,1,0,0,0,0,0,0
1,0,1,0,114,0,0,0,0,0,124,40,0,0,0,1309,1,0,0,0,0,0,0
1,0,1,0,114,0,0,0,0,0,127,41,0,0,0,1341,1,0,0,0,0,0,0
1,0,1,0,114,0,0,0,0,0,130,42,0,0,0,1373,1,0,0,0,0,0,0
1,0,1,0,6,0,0,0,0,0,136,44,0,0,0,1437,1,0,0,0,0,0,0
1,0,1,0,114,0,0,0,0,0,133,43,0,0,0,1405,1,0,0,0,0,0,0
1,0,1,0,6,0,0,0,0,0,139,45,0,0,0,1469,1,0,0,0,0,0,0
1,0,1,0,6,0,0,0,0,0,142,46,0,0,0,1501,1,0,0,0,0,0,0
1,0,1,0,6,0,0,0,0,0,148,48,0,0,0,1565,1,0,0,0,0,0,0
1,0,1,0,6,0,0,0,0,0,145,47,0,0,0,1533,1,0,0,0,0,0,0
1,0,1,0,114,0,0,0,0,0,157,51,0,0,0,1661,1,0,0,0,0,0,0
1,0,1,0,6,0,0,0,0,0,163,53,0,0,0,1725,1,0,0,0,0,0,0
1,0,1,0,6,0,0,0,0,0,166,54,0,0,0,1757,1,0,0,0,0,0,0
1,0,1,0,6,0,0,0,0,0,160,52,0,0,0,1693,1,0,0,0,0,0,0
1,0,1,0,6,0,0,0,0,0,169,55,0,0,0,1789,1,0,0,0,0,0,0
1,0,1,0,6,0,0,0,0,0,151,49,0,0,0,1597,1,0,0,0,0,0,0
1,0,1,0,114,0,0,0,0,0,172,56,0,0,0,1821,1,0,0,0,0,0,0
1,0,1,0,6,0,0,0,0,0,178,58,0,0,0,1885,1,0,0,0,0,0,0
1,0,1,0,6,0,0,0,0,0,181,59,0,0,0,1917,1,0,0,0,0,0,0
1,0,1,0,6,0,0,0,0,0,184,60,0,0,0,1949,1,0,0,0,0,0,0
1,0,1,0,114,0,0,0,0,0,187,61,0,0,0,1981,1,0,0,0,0,0,0
1,0,1,0,6,0,0,0,0,0,196,64,0,0,0,2077,1,0,0,0,0,0,0
1,0,1,0,6,0,0,0,0,0,199,65,0,0,0,2109,1,0,0,0,0,0,0
1,0,1,0,6,0,0,0,0,0,175,57,0,0,0,1853,1,0,0,0,0,0,0
1,0,1,0,6,0,0,0,0,0,190,62,0,0,0,2013,1,0,0,0,0,0,0
1,0,1,0,6,0,0,0,0,0,193,63,0,0,0,2045,1,0,0,0,0,0,0
1,0,1,0,6,0,0,0,0,0,205,67,0,0,0,2173,1,0,0,0,0,0,0
1,0,1,0,114,0,0,0,0,0,202,66,0,0,0,2141,1,0,0,0,0,0,0
1,0,1,0,6,0,0,0,0,0,211,69,0,0,0,2237,1,0,0,0,0,0,0
1,0,1,0,6,0,0,0,0,0,214,70,0,0,0,2269,1,0,0,0,0,0,0
1,0,1,0,6,0,0,0,0,0,208,68,0,0,0,2205,1,0,0,0,0,0,0
1,0,1,0,6,0,0,0,0,0,217,71,0,0,0,2301,1,0,0,0,0,0,0
1,0,1,0,6,0,0,0,0,0,220,72,0,0,0,2333,1,0,0,0,0,0,0
1,0,1,0,6,0,0,0,0,0,226,74,0,0,0,2397,1,0,0,0,0,0,0
1,0,1,0,6,0,0,0,0,0,232,76,0,0,0,2461,1,0,0,0,0,0,0
1,0,1,0,6,0,0,0,0,0,223,73,0,0,0,2365,1,0,0,0,0,0,0
1,0,1,0,6,0,0,0,0,0,229,75,0,0,0,2429,1,0,0,0,0,0,0
1,0,1,0,114,0,0,0,0,0,235,77,0,0,0,2493,1,0,0,0,0,0,0
1,0,1,0,6,0,0,0,0,0,241,79,0,0,0,2557,1,0,0,0,0,0,0
1,0,1,0,6,0,0,0,0,0,253,83,0,0,0,2685,1,0,0,0,0,0,0
1,0,1,0,6,0,0,0,0,0,247,81,0,0,0,2621,1,0,0,0,0,0,0
1,0,1,0,6,0,0,0,0,0,262,86,0,0,0,2781,1,0,0,0,0,0,0
1,0,1,0,6,0,0,0,0,0,244,80,0,0,0,2589,1,0,0,0,0,0,0
1,0,1,0,6,0,0,0,0,0,256,84,0,0,0,2717,1,0,0,0,0,0,0
1,0,1,0,6,0,0,0,0,0,259,85,0,0,0,2749,1,0,0,0,0,0,0
1,0,1,0,6,0,0,0,0,0,250,82,0,0,0,2653,1,0,0,0,0,0,0
1,0,1,0,6,0,0,0,0,0,268,88,0,0,0,2845,1,0,0,0,0,0,0
1,0,1,0,6,0,0,0,0,0,265,87,0,0,0,2813,1,0,0,0,0,0,0
1,0,1,0,6,0,0,0,0,0,270,89,0,0,0,2867,1,0,0,0,0,0,0
0,0,1,0,0,0,0,0,0,0,269,90,0,0,0,2867,0,0,0,0,0,0,0
0,0,1,0,6,0,0,0,0,0,269,90,0,0,0,2867,0,0,0,0,0,0,0
0,0,1,0,0,0,0,0,0,0,269,90,0,0,0,2867,0,0,0,0,0,0,0
1,0,1,0,6,0,0,0,0,0,277,91,0,0,0,2941,1,0,0,0,0,0,0
0,0,1,0,114,0,0,0,0,0,269,90,0,0,0,2867,0,0,0,0,0,0,0
0,0,1,0,6,0,0,0,0,0,269,90,0,0,0,2867,0,0,0,0,0,0,0
0,0,1,0,6,0,0,0,0,0,133,44,0,0,0,1407,0,0,0,0,0,0,0
0,0,1,0,6,0,0,0,0,0,269,90,0,0,0,2867,0,0,0,0,0,0,0
0,0,1,0,6,0,0,0,0,0,269,90,0,0,0,2867,0,0,0,0,0,0,0
0,0,1,0,6,0,0,0,0,0,269,90,0,0,0,2867,0,0,0,0,0,0,0
0,0,1,0,114,0,0,0,0,0,269,90,0,0,0,2867,0,0,0,0,0,0,0
1,1,1,0,114,0,0,0,3,0,8,0,0,0,0,71,1,0,0,2,0,0,0
1,1,1,0,244,0,0,0,6,0,9,0,0,0,0,86,1,0,0,2,0,0,0
1,1,1,0,244,0,0,0,5,0,9,0,0,0,0,84,1,0,0,2,0,0,0
1,1,1,0,244,0,0,0,6,0,9,0,0,0,0,86,1,0,0,2,0,0,0
1,1,1,0,114,0,0,0,6,0,9,0,0,0,0,84,1,0,0,2,0,0,0
1,1,1,0,244,0,0,0,5,0,9,0,0,0,0,84,1,0,0,2,0,0,0
1,1,1,0,114,0,0,0,6,0,9,0,0,0,0,85,1,0,0,2,0,0,0
1,1,1,0,244,0,0,0,5,0,9,0,0,0,0,84,1,0,0,2,0,0,0
1,1,1,0,114,0,0,0,6,0,9,0,0,0,0,84,1,0,0,2,0,0,0
1,1,1,0,244,0,0,0,5,0,9,0,0,0,0,83,1,0,0,2,0,0,0
1,1,1,0,244,0,0,0,5,0,9,0,0,0,0,83,1,0,0,2,0,0,0
1,1,1,0,244,0,0,0,6,0,9,0,0,0,0,85,1,0,0,2,0,0,0
1,1,1,0,114,0,0,0,6,0,9,0,0,0,0,84,1,0,0,2,0,0,0
1,1,1,0,219,0,0,0,5,0,9,0,0,0,0,83,1,0,0,2,0,0,0
1,1,1,0,114,0,0,0,6,0,8,0,0,0,0,83,1,0,0,2,0,0,0
1,1,1,0,114,0,0,0,5,0,10,0,0,0,0,84,1,0,0,2,0,0,0
1,1,1,0,114,0,0,0,6,0,8,0,0,0,0,84,1,0,0,2,0,0,0
1,1,1,0,244,0,0,0,5,0,9,0,0,0,0,84,1,0,0,2,0,0,0
1,1,1,0,244,0,0,0,6,0,9,0,0,0,0,85,1,0,0,2,0,0,0
1,1,1,0,149,0,0,0,6,0,9,0,0,0,0,85,1,0,0,2,0,0,0
1,1,1,0,114,0,0,0,5,0,9,0,0,0,0,83,1,0,0,2,0,0,0
1,1,1,0,114,0,0,0,6,0,10,0,0,0,0,85,1,0,0,2,0,0,0
1,1,1,0,114,0,0,0,5,0,9,0,0,0,0,83,1,0,0,2,0,0,0
1,1,1,0,114,0,0,0,6,0,10,0,0,0,0,86,1,0,0,2,0,0,0
1,1,1,0,149,0,0,0,6,0,9,0,0,0,0,84,1,0,0,2,0,0,0
1,1,1,0,244,0,0,0,6,0,9,0,0,0,0,86,1,0,0,2,0,0,0
1,1,1,0,219,0,0,0,5,0,9,0,0,0,0,82,1,0,0,2,0,0,0
1,1,1,0,114,0,0,0,6,0,9,0,0,0,0,84,1,0,0,2,0,0,0
1,1,1,0,149,0,0,0,6,0,9,0,0,0,0,85,1,0,0,2,0,0,0
1,1,1,0,219,0,0,0,5,0,10,0,0,0,0,84,1,0,0,2,0,0,0
1,1,1,0,244,0,0,0,6,0,9,0,0,0,0,86,1,0,0,2,0,0,0
1,1,1,0,244,0,0,0,6,0,9,0,0,0,0,85,1,0,0,2,0,0,0
1,1,1,0,114,0,0,0,6,0,9,0,0,0,0,85,1,0,0,2,0,0,0
1,1,1,0,244,0,0,0,6,0,9,0,0,0,0,85,1,0,0,2,0,0,0
1,1,1,0,114,0,0,0,6,0,8,0,0,0,0,83,1,0,0,2,0,0,0
1,1,1,0,114,0,0,0,6,0,8,0,0,0,0,84,1,0,0,2,0,0,0
1,1,1,0,114,0,0,0,6,0,8,0,0,0,0,83,1,0,0,2,0,0,0
1,1,1,0,114,0,0,0,5,0,9,0,0,0,0,82,1,0,0,2,0,0,0
1,1,1,0,149,0,0,0,6,0,9,0,0,0,0,84,1,0,0,2,0,0,0
1,1,1,0,149,0,0,0,6,0,10,0,0,0,0,85,1,0,0,2,0,0,0
1,1,1,0,149,0,0,0,6,0,10,0,0,0,0,86,1,0,0,2,0,0,0
1,1,1,0,219,0,0,0,5,0,9,0,0,0,0,83,1,0,0,2,0,0,0
1,1,1,0,114,0,0,0,6,0,8,0,0,0,0,83,1,0,0,2,0,0,0
1,1,1,0,114,0,0,0,6,0,9,0,0,0,0,85,1,0,0,2,0,0,0
1,1,1,0,150,0,0,0,7,0,18,0,0,0,0,128,1,0,0,2,0,0,0
1,1,1,0,149,0,0,0,5,0,22,0,0,0,0,132,1,0,0,2,0,0,0
1,1,1,0,150,0,0,0,7,0,17,0,0,0,0,127,1,0,0,2,0,0,0
1,1,1,0,153,0,0,0,5,0,22,0,0,0,0,132,1,0,0,2,0,0,0
1,1,1,0,150,0,0,0,7,0,17,0,0,0,0,127,1,0,0,2,0,0,0
1,1,1,0,150,0,0,0,7,0,18,0,0,0,0,128,1,0,0,2,0,0,0
1,1,1,0,150,0,0,0,7,0,18,0,0,0,0,129,1,0,0,2,0,0,0
1,1,1,0,114,0,0,0,3,0,8,0,0,0,0,69,1,0,0,2,0,0,0
2,1,1,0,114,0,0,0,6,0,8,0,0,0,0,77,1,0,0,2,0,0,0
1,1,1,0,153,0,0,0,3,0,13,0,0,0,0,81,1,0,0,2,0,0,0
1,1,1,0,149,0,0,0,3,0,13,0,0,0,0,81,1,0,0,2,0,0,0
2,1,1,0,114,0,0,0,6,0,8,0,0,0,0,77,1,0,0,2,0,0,0
2,1,1,0,114,0,0,0,6,0,9,0,0,0,0,78,1,0,0,2,0,0,0
2,1,1,0,114,0,0,0,6,0,9,0,0,0,0,78,1,0,0,2,0,0,0
2,1,1,0,114,0,0,0,6,0,8,0,0,0,0,77,1,0,0,2,0,0,0
1,1,1,0,149,0,0,0,3,0,12,0,0,0,0,80,1,0,0,2,0,0,0
1,1,1,0,149,0,0,0,3,0,13,0,0,0,0,81,1,0,0,2,0,0,0
2,1,1,0,114,0,0,0,6,0,8,0,0,0,0,77,1,0,0,2,0,0,0
2,1,1,0,114,0,0,0,6,0,8,0,0,0,0,77,1,0,0,2,0,0,0
2,1,1,0,114,0,0,0,6,0,9,0,0,0,0,78,1,0,0,2,0,0,0
2,1,1,0,114,0,0,0,6,0,9,0,0,0,0,79,1,0,0,2,0,0,0
0,0,1,0,114,0,0,0,0,0,8,2,0,0,0,71,1,0,0,0,0,0,0
0,0,1,0,114,0,0,0,0,0,14,4,0,0,0,133,1,0,0,0,0,0,0
0,0,1,0,114,0,0,0,0,0,11,3,0,0,0,102,1,0,0,0,0,0,0
0,0,1,0,114,0,0,0,0,0,5,1,0,0,0,40,1,0,0,0,0,0,0
0,0,1,0,114,0,0,0,0,0,17,5,0,0,0,164,1,0,0,0,0,0,0
0,0,1,0,114,0,0,0,0,0,20,6,0,0,0,195,1,0,0,0,0,0,0
0,0,1,0,114,0,0,0,0,0,23,7,0,0,0,226,1,0,0,0,0,0,0
0,0,1,0,114,0,0,0,0,0,29,9,0,0,0,288,1,0,0,0,0,0,0
0,0,1,0,114,0,0,0,0,0,26,8,0,0,0,257,1,0,0,0,0,0,0
0,0,1,0,114,0,0,0,0,0,32,10,0,0,0,320,1,0,0,0,0,0,0
0,0,1,0,114,0,0,0,0,0,35,11,0,0,0,352,1,0,0,0,0,0,0
0,0,1,0,114,0,0,0,0,0,38,12,0,0,0,384,1,0,0,0,0,0,0
0,0,1,0,114,0,0,0,0,0,41,13,0,0,0,416,1,0,0,0,0,0,0
0,0,1,0,114,0,0,0,0,0,53,17,0,0,0,544,1,0,0,0,0,0,0
0,0,1,0,114,0,0,0,0,0,47,15,0,0,0,480,1,0,0,0,0,0,0
0,0,1,0,114,0,0,0,0,0,44,14,0,0,0,448,1,0,0,0,0,0,0
0,0,1,0,114,0,0,0,0,0,50,16,0,0,0,512,1,0,0,0,0,0,0
0,0,1,0,114,0,0,0,0,0,65,21,0,0,0,672,1,0,0,0,0,0,0
0,0,1,0,114,0,0,0,0,0,62,20,0,0,0,640,1,0,0,0,0,0,0
0,0,1,0,114,0,0,0,0,0,56,18,0,0,0,576,1,0,0,0,0,0,0
0,0,1,0,114,0,0,0,0,0,59,19,0,0,0,608,1,0,0,0,0,0,0
0,0,1,0,114,0,0,0,0,0,68,22,0,0,0,704,1,0,0,0,0,0,0
0,0,1,0,114,0,0,0,0,0,71,23,0,0,0,736,1,0,0,0,0,0,0
0,0,1,0,114,0,0,0,0,0,80,26,0,0,0,832,1,0,0,0,0,0,0
0,0,1,0,114,0,0,0,0,0,74,24,0,0,0,768,1,0,0,0,0,0,0
0,0,1,0,114,0,0,0,0,0,77,25,0,0,0,800,1,0,0,0,0,0,0
0,0,1,0,114,0,0,0,0,0,83,27,0,0,0,864,1,0,0,0,0,0,0
0,0,1,0,114,0,0,0,0,0,92,30,0,0,0,960,1,0,0,0,0,0,0
0,0,1,0,114,0,0,0,0,0,86,28,0,0,0,896,1,0,0,0,0,0,0
0,0,1,0,114,0,0,0,0,0,89,29,0,0,0,928,1,0,0,0,0,0,0
0,0,1,0,114,0,0,0,0,0,95,31,0,0,0,992,1,0,0,0,0,0,0
0,0,1,0,114,0,0,0,0,0,98,32,0,0,0,1024,1,0,0,0,0,0,0
0,0,1,0,114,0,0,0,0,0,107,35,0,0,0,1120,1,0,0,0,0,0,0
0,0,1,0,114,0,0,0,0,0,110,36,0,0,0,1152,1,0,0,0,0,0,0
0,0,1,0,114,0,0,0,0,0,101,33,0,0,0,1056,1,0,0,0,0,0,0
0,0,1,0,114,0,0,0,0,0,119,39,0,0,0,1248,1,0,0,0,0,0,0
0,0,1,0,114,0,0,0,0,0,104,34,0,0,0,1088,1,0,0,0,0,0,0
0,0,1,0,114,0,0,0,0,0,122,40,0,0,0,1280,1,0,0,0,0,0,0
0,0,1,0,114,0,0,0,0,0,116,38,0,0,0,1216,1,0,0,0,0,0,0
0,0,1,0,114,0,0,0,0,0,131,43,0,0,0,1376,1,0,0,0,0,0,0
0,0,1,0,114,0,0,0,0,0,125,41,0,0,0,1312,1,0,0,0,0,0,0
0,0,1,0,6,0,0,0,0,0,143,47,0,0,0,1504,1,0,0,0,0,0,0
0,0,1,0,6,0,0,0,0,0,146,48,0,0,0,1536,1,0,0,0,0,0,0
0,0,1,0,6,0,0,0,0,0,137,45,0,0,0,1440,1,0,0,0,0,0,0
0,0,1,0,6,0,0,0,0,0,140,46,0,0,0,1472,1,0,0,0,0,0,0
0,0,1,0,6,0,0,0,0,0,149,49,0,0,0,1568,1,0,0,0,0,0,0
0,0,1,0,6,0,0,0,0,0,152,50,0,0,0,1600,1,0,0,0,0,0,0
0,0,1,0,6,0,0,0,0,0,134,44,0,0,0,1408,1,0,0,0,0,0,0
0,0,1,0,6,0,0,0,0,0,155,51,0,0,0,1632,1,0,0,0,0,0,0
0,0,1,0,6,0,0,0,0,0,158,52,0,0,0,1664,1,0,0,0,0,0,0
0,0,1,0,6,0,0,0,0,0,161,53,0,0,0,1696,1,0,0,0,0,0,0
0,0,1,0,6,0,0,0,0,0,167,55,0,0,0,1760,1,0,0,0,0,0,0
0,0,1,0,6,0,0,0,0,0,1,0,0,0,0,14,0,0,0,0,0,0,0
0,0,1,0,6,0,0,0,0,0,173,57,0,0,0,1824,1,0,0,0,0,0,0
0,0,1,0,6,0,0,0,0,0,179,59,0,0,0,1888,1,0,0,0,0,0,0
0,0,1,0,6,0,0,0,0,0,185,61,0,0,0,1952,1,0,0,0,0,0,0
0,0,1,0,6,0,0,0,0,0,182,60,0,0,0,1920,1,0,0,0,0,0,0
0,0,1,0,6,0,0,0,0,0,188,62,0,0,0,1984,1,0,0,0,0,0,0
0,0,1,0,6,0,0,0,0,0,176,58,0,0,0,1856,1,0,0,0,0,0,0
0,0,1,0,6,0,0,0,0,0,203,67,0,0,0,2144,1,0,0,0,0,0,0
0,0,1,0,6,0,0,0,0,0,191,63,0,0,0,2016,1,0,0,0,0,0,0
0,0,1,0,6,0,0,0,0,0,194,64,0,0,0,2048,1,0,0,0,0,0,0
0,0,1,0,6,0,0,0,0,0,200,66,0,0,0,2112,1,0,0,0,0,0,0
0,0,1,0,6,0,0,0,0,0,197,65,0,0,0,2080,1,0,0,0,0,0,0
0,0,1,0,6,0,0,0,0,0,212,70,0,0,0,2240,1,0,0,0,0,0,0
0,0,1,0,6,0,0,0,0,0,209,69,0,0,0,2208,1,0,0,0,0,0,0
0,0,1,0,6,0,0,0,0,0,206,68,0,0,0,2176,1,0,0,0,0,0,0
0,0,1,0,6,0,0,0,0,0,215,71,0,0,0,2272,1,0,0,0,0,0,0
0,0,1,0,114,0,0,0,0,0,218,72,0,0,0,2304,1,0,0,0,0,0,0
0,0,1,0,6,0,0,0,0,0,1,0,0,0,0,14,0,0,0,0,0,0,0
0,0,1,0,6,0,0,0,0,0,227,75,0,0,0,2400,1,0,0,0,0,0,0
0,0,1,0,6,0,0,0,0,0,236,78,0,0,0,2496,1,0,0,0,0,0,0
0,0,1,0,6,0,0,0,0,0,224,74,0,0,0,2368,1,0,0,0,0,0,0
0,0,1,0,6,0,0,0,0,0,1,0,0,0,0,14,0,0,0,0,0,0,0
0,0,1,0,114,0,0,0,0,0,233,77,0,0,0,2464,1,0,0,0,0,0,0
0,0,1,0,6,0,0,0,0,0,239,79,0,0,0,2528,1,0,0,0,0,0,0
0,0,1,0,6,0,0,0,0,0,242,80,0,0,0,2560,1,0,0,0,0,0,0
0,0,1,0,6,0,0,0,0,0,251,83,0,0,0,2656,1,0,0,0,0,0,0
0,0,1,0,6,0,0,0,0,0,248,82,0,0,0,2624,1,0,0,0,0,0,0
0,0,1,0,6,0,0,0,0,0,245,81,0,0,0,2592,1,0,0,0,0,0,0
0,0,1,0,6,0,0,0,0,0,254,84,0,0,0,2688,1,0,0,0,0,0,0
0,0,1,0,6,0,0,0,0,0,257,85,0,0,0,2720,1,0,0,0,0,0,0
0,0,1,0,6,0,0,0,0,0,260,86,0,0,0,2752,1,0,0,0,0,0,0
0,0,1,0,6,0,0,0,0,0,266,89,0,0,0,2841,0,0,0,0,0,0,0
0,0,1,0,6,0,0,0,0,0,263,87,0,0,0,2784,1,0,0,0,0,0,0
0,0,1,0,6,0,0,0,0,0,1,0,0,0,0,14,0,0,0,0,0,0,0
0,0,1,0,6,0,0,0,0,0,266,89,0,0,0,2841,0,0,0,0,0,0,0
0,0,1,0,0,0,0,0,0,0,266,89,0,0,0,2841,0,0,0,0,0,0,0
0,0,1,0,0,0,0,0,0,0,266,89,0,0,0,2841,0,0,0,0,0,0,0
0,0,1,0,0,0,0,0,0,0,266,89,0,0,0,2841,0,0,0,0,0,0,0
0,0,1,0,6,0,0,0,0,0,266,89,0,0,0,2841,0,0,0,0,0,0,0
0,0,1,0,0,0,0,0,0,0,266,89,0,0,0,2841,0,0,0,0,0,0,0
0,0,1,0,0,0,0,0,0,0,266,89,0,0,0,2841,0,0,0,0,0,0,0
0,0,1,0,0,0,0,0,0,0,266,89,0,0,0,2841,0,0,0,0,0,0,0
0,0,1,0,114,0,0,0,0,0,266,89,0,0,0,2841,0,0,0,0,0,0,0
0,0,1,0,114,0,0,0,0,0,266,89,0,0,0,2841,0,0,0,0,0,0,0
1,1,1,0,114,0,0,0,3,0,8,0,0,0,0,68,1,0,0,2,0,0,0
1,1,1,0,219,0,0,0,5,0,9,0,0,0,0,82,1,0,0,2,0,0,0
1,1,1,0,244,0,0,0,6,0,9,0,0,0,0,85,1,0,0,2,0,0,0
1,1,1,0,114,0,0,0,6,0,9,0,0,0,0,84,1,0,0,2,0,0,0
1,1,1,0,244,0,0,0,6,0,9,0,0,0,0,85,1,0,0,2,0,0,0
1,1,1,0,149,0,0,0,6,0,9,0,0,0,0,84,1,0,0,2,0,0,0
1,1,1,0,114,0,0,0,6,0,9,0,0,0,0,85,1,0,0,2,0,0,0
1,1,1,0,114,0,0,0,6,0,8,0,0,0,0,83,1,0,0,2,0,0,0
1,1,1,0,114,0,0,0,6,0,8,0,0,0,0,84,1,0,0,2,0,0,0
1,1,1,0,114,0,0,0,5,0,9,0,0,0,0,83,1,0,0,2,0,0,0
1,1,1,0,149,0,0,0,6,0,9,0,0,0,0,84,1,0,0,2,0,0,0
1,1,1,0,114,0,0,0,5,0,9,0,0,0,0,82,1,0,0,2,0,0,0
1,1,1,0,114,0,0,0,5,0,10,0,0,0,0,84,1,0,0,2,0,0,0
1,1,1,0,244,0,0,0,6,0,9,0,0,0,0,86,1,0,0,2,0,0,0
1,1,1,0,114,0,0,0,6,0,10,0,0,0,0,86,1,0,0,2,0,0,0
1,1,1,0,114,0,0,0,6,0,9,0,0,0,0,84,1,0,0,2,0,0,0
1,1,1,0,244,0,0,0,6,0,9,0,0,0,0,85,1,0,0,2,0,0,0
1,1,1,0,114,0,0,0,6,0,9,0,0,0,0,85,1,0,0,2,0,0,0
1,1,1,0,219,0,0,0,5,0,9,0,0,0,0,83,1,0,0,2,0,0,0
1,1,1,0,114,0,0,0,6,0,10,0,0,0,0,85,1,0,0,2,0,0,0
1,1,1,0,149,0,0,0,6,0,10,0,0,0,0,86,1,0,0,2,0,0,0
1,1,1,0,244,0,0,0,5,0,9,0,0,0,0,84,1,0,0,2,0,0,0
1,1,1,0,114,0,0,0,6,0,8,0,0,0,0,83,1,0,0,2,0,0,0
1,1,1,0,114,0,0,0,6,0,9,0,0,0,0,84,1,0,0,2,0,0,0
1,1,1,0,219,0,0,0,5,0,9,0,0,0,0,83,1,0,0,2,0,0,0
1,1,1,0,149,0,0,0,6,0,10,0,0,0,0,85,1,0,0,2,0,0,0
1,1,1,0,114,0,0,0,6,0,8,0,0,0,0,83,1,0,0,2,0,0,0
1,1,1,0,114,0,0,0,6,0,9,0,0,0,0,85,1,0,0,2,0,0,0
1,1,1,0,114,0,0,0,5,0,9,0,0,0,0,83,1,0,0,2,0,0,0
1,1,1,0,244,0,0,0,6,0,9,0,0,0,0,86,1,0,0,2,0,0,0
1,1,1,0,114,0,0,0,6,0,8,0,0,0,0,83,1,0,0,2,0,0,0
1,1,1,0,244,0,0,0,5,0,9,0,0,0,0,84,1,0,0,2,0,0,0
1,1,1,0,114,0,0,0,6,0,9,0,0,0,0,84,1,0,0,2,0,0,0
1,1,1,0,244,0,0,0,5,0,9,0,0,0,0,84,1,0,0,2,0,0,0
1,1,1,0,149,0,0,0,6,0,9,0,0,0,0,85,1,0,0,2,0,0,0
1,1,1,0,219,0,0,0,5,0,10,0,0,0,0,84,1,0,0,2,0,0,0
1,1,1,0,114,0,0,0,6,0,8,0,0,0,0,84,1,0,0,2,0,0,0
1,1,1,0,244,0,0,0,6,0,9,0,0,0,0,85,1,0,0,2,0,0,0
1,1,1,0,244,0,0,0,6,0,9,0,0,0,0,86,1,0,0,2,0,0,0
1,1,1,0,149,0,0,0,6,0,9,0,0,0,0,85,1,0,0,2,0,0,0
1,1,1,0,244,0,0,0,5,0,9,0,0,0,0,84,1,0,0,2,0,0,0
1,1,1,0,244,0,0,0,6,0,9,0,0,0,0,86,1,0,0,2,0,0,0
1,1,1,0,244,0,0,0,5,0,9,0,0,0,0,83,1,0,0,2,0,0,0
1,1,1,0,244,0,0,0,5,0,9,0,0,0,0,83,1,0,0,2,0,0,0
0,0,1,0,114,0,0,0,0,0,5,0,0,0,0,50,1,0,0,0,0,0,0
0,0,1,0,114,0,0,0,0,0,6,0,0,0,0,59,1,0,0,0,0,0,0
0,0,1,0,114,0,0,0,0,0,6,0,0,0,0,57,1,0,0,0,0,0,0
0,0,1,0,114,0,0,0,0,0,5,0,0,0,0,57,1,0,0,0,0,0,0
0,0,1,0,114,0,0,0,0,0,6,0,0,0,0,51,1,0,0,0,0,0,0
0,0,1,0,114,0,0,0,0,0,6,0,0,0,0,51,1,0,0,0,0,0,0
0,0,1,0,114,0,0,0,0,0,6,0,0,0,0,52,1,0,0,0,0,0,0
1,1,1,0,114,0,0,0,3,0,8,0,0,0,0,69,1,0,0,2,0,0,0
2,1,1,0,114,0,0,0,6,0,9,0,0,0,0,84,1,0,0,2,0,0,0
2,1,1,0,114,0,0,0,6,0,9,0,0,0,0,86,1,0,0,2,0,0,0
2,1,1,0,114,0,0,0,6,0,8,0,0,0,0,77,1,0,0,2,0,0,0
2,1,1,0,114,0,0,0,6,0,8,0,0,0,0,84,1,0,0,2,0,0,0
2,1,1,0,114,0,0,0,6,0,9,0,0,0,0,78,1,0,0,2,0,0,0
2,1,1,0,114,0,0,0,6,0,9,0,0,0,0,78,1,0,0,2,0,0,0
2,1,1,0,114,0,0,0,6,0,8,0,0,0,0,77,1,0,0,2,0,0,0
2,1,1,0,114,0,0,0,6,0,8,0,0,0,0,85,1,0,0,2,0,0,0
2,1,1,0,114,0,0,0,6,0,9,0,0,0,0,85,1,0,0,2,0,0,0
2,1,1,0,114,0,0,0,6,0,8,0,0,0,0,77,1,0,0,2,0,0,0
2,1,1,0,114,0,0,0,6,0,9,0,0,0,0,78,1,0,0,2,0,0,0
2,1,1,0,114,0,0,0,6,0,8,0,0,0,0,83,1,0,0,2,0,0,0
2,1,1,0,114,0,0,0,6,0,9,0,0,0,0,79,1,0,0,2,0,0,0
0,0,0,0,152,0,0,0,0,0,11,0,0,0,0,59,0,0,0,0,0,0,0
0,0,1,0,114,0,0,0,0,0,10,0,0,0,0,48,1,0,0,0,0,0,0
0,0,1,0,114,0,0,0,0,0,6,0,0,0,0,28,1,0,0,0,0,0,0
0,0,1,0,114,0,0,0,0,0,18,0,0,0,0,88,1,0,0,0,0,0,0
0,0,1,0,114,0,0,0,0,0,14,0,0,0,0,68,1,0,0,0,0,0,0
0,0,1,0,114,0,0,0,0,0,26,0,0,0,0,128,1,0,0,0,0,0,0
0,0,1,0,114,0,0,0,0,0,22,0,0,0,0,108,1,0,0,0,0,0,0
0,0,1,0,114,0,0,0,0,0,30,0,0,0,0,148,1,0,0,0,0,0,0
0,0,1,0,114,0,0,0,0,0,34,0,0,0,0,168,1,0,0,0,0,0,0
0,0,1,0,114,0,0,0,0,0,38,0,0,0,0,188,1,0,0,0,0,0,0
0,0,1,0,114,0,0,0,0,0,42,0,0,0,0,209,1,0,0,0,0,0,0
0,0,1,0,114,0,0,0,0,0,46,0,0,0,0,230,1,0,0,0,0,0,0
0,0,1,0,114,0,0,0,0,0,50,0,0,0,0,251,1,0,0,0,0,0,0
0,0,1,0,114,0,0,0,0,0,62,0,0,0,0,314,1,0,0,0,0,0,0
0,0,1,0,114,0,0,0,0,0,54,0,0,0,0,272,1,0,0,0,0,0,0
0,0,1,0,114,0,0,0,0,0,58,0,0,0,0,293,1,0,0,0,0,0,0
0,0,1,0,114,0,0,0,0,0,66,0,0,0,0,335,1,0,0,0,0,0,0
0,0,1,0,114,0,0,0,0,0,74,0,0,0,0,377,1,0,0,0,0,0,0
0,0,1,0,114,0,0,0,0,0,78,0,0,0,0,398,1,0,0,0,0,0,0
0,0,1,0,114,0,0,0,0,0,70,0,0,0,0,356,1,0,0,0,0,0,0
0,0,1,0,114,0,0,0,0,0,82,0,0,0,0,419,1,0,0,0,0,0,0
0,0,1,0,114,0,0,0,0,0,90,0,0,0,0,461,1,0,0,0,0,0,0
0,0,1,0,114,0,0,0,0,0,86,0,0,0,0,440,1,0,0,0,0,0,0
0,0,1,0,114,0,0,0,0,0,102,0,0,0,0,524,1,0,0,0,0,0,0
0,0,1,0,6,0,0,0,0,0,1,0,0,0,0,14,0,0,0,0,0,0,0
0,0,1,0,114,0,0,0,0,0,106,0,0,0,0,545,1,0,0,0,0,0,0
0,0,1,0,114,0,0,0,0,0,122,0,0,0,0,629,1,0,0,0,0,0,0
0,0,1,0,114,0,0,0,0,0,114,0,0,0,0,587,1,0,0,0,0,0,0
0,0,1,0,114,0,0,0,0,0,110,0,0,0,0,566,1,0,0,0,0,0,0
0,0,1,0,114,0,0,0,0,0,126,0,0,0,0,650,1,0,0,0,0,0,0
0,0,1,0,114,0,0,0,0,0,134,0,0,0,0,692,1,0,0,0,0,0,0
0,0,1,0,114,0,0,0,0,0,138,0,0,0,0,713,1,0,0,0,0,0,0
0,0,1,0,114,0,0,0,0,0,142,0,0,0,0,734,1,0,0,0,0,0,0
0,0,1,0,114,0,0,0,0,0,146,0,0,0,0,755,1,0,0,0,0,0,0
0,0,1,0,114,0,0,0,0,0,150,0,0,0,0,776,1,0,0,0,0,0,0
0,0,1,0,114,0,0,0,0,0,130,0,0,0,0,671,1,0,0,0,0,0,0
0,0,1,0,114,0,0,0,0,0,158,0,0,0,0,818,1,0,0,0,0,0,0
0,0,1,0,114,0,0,0,0,0,166,0,0,0,0,860,1,0,0,0,0,0,0
0,0,1,0,114,0,0,0,0,0,154,0,0,0,0,797,1,0,0,0,0,0,0
0,0,1,0,114,0,0,0,0,0,162,0,0,0,0,839,1,0,0,0,0,0,0
0,0,1,0,114,0,0,0,0,0,174,0,0,0,0,902,1,0,0,0,0,0,0
0,0,1,0,114,0,0,0,0,0,170,0,0,0,0,881,1,0,0,0,0,0,0
0,0,1,0,114,0,0,0,0,0,178,0,0,0,0,923,1,0,0,0,0,0,0
0,0,1,0,114,0,0,0,0,0,182,0,0,0,0,944,1,0,0,0,0,0,0
0,0,1,0,114,0,0,0,0,0,190,0,0,0,0,986,1,0,0,0,0,0,0
0,0,1,0,114,0,0,0,0,0,202,0,0,0,0,1049,1,0,0,0,0,0,0
0,0,1,0,114,0,0,0,0,0,194,0,0,0,0,1007,1,0,0,0,0,0,0
0,0,1,0,114,0,0,0,0,0,198,0,0,0,0,1028,1,0,0,0,0,0,0
0,0,1,0,114,0,0,0,0,0,214,0,0,0,0,1112,1,0,0,0,0,0,0
0,0,1,0,114,0,0,0,0,0,206,0,0,0,0,1070,1,0,0,0,0,0,0
0,0,1,0,114,0,0,0,0,0,218,0,0,0,0,1133,1,0,0,0,0,0,0
0,0,1,0,114,0,0,0,0,0,210,0,0,0,0,1091,1,0,0,0,0,0,0
0,0,1,0,114,0,0,0,0,0,222,0,0,0,0,1154,1,0,0,0,0,0,0
0,0,1,0,114,0,0,0,0,0,226,0,0,0,0,1175,1,0,0,0,0,0,0
0,0,1,0,114,0,0,0,0,0,234,0,0,0,0,1217,1,0,0,0,0,0,0
0,0,1,0,114,0,0,0,0,0,230,0,0,0,0,1196,1,0,0,0,0,0,0
0,0,1,0,114,0,0,0,0,0,242,0,0,0,0,1259,1,0,0,0,0,0,0
0,0,1,0,114,0,0,0,0,0,238,0,0,0,0,1238,1,0,0,0,0,0,0
0,0,1,0,114,0,0,0,0,0,246,0,0,0,0,1280,1,0,0,0,0,0,0
0,0,1,0,114,0,0,0,0,0,258,0,0,0,0,1343,1,0,0,0,0,0,0
0,0,1,0,0,0,0,0,0,0,264,0,0,0,0,1381,0,0,0,0,0,0,0
0,0,1,0,6,0,0,0,0,0,270,0,0,0,0,1406,1,0,0,0,0,0,0
0,0,1,0,114,0,0,0,0,0,250,0,0,0,0,1301,1,0,0,0,0,0,0
0,0,1,0,114,0,0,0,0,0,262,0,0,0,0,1364,1,0,0,0,0,0,0
0,0,1,0,6,0,0,0,0,0,278,0,0,0,0,1448,1,0,0,0,0,0,0
0,0,1,0,6,0,0,0,0,0,286,0,0,0,0,1490,1,0,0,0,0,0,0
0,0,1,0,6,0,0,0,0,0,294,0,0,0,0,1532,1,0,0,0,0,0,0
0,0,1,0,6,0,0,0,0,0,282,0,0,0,0,1469,1,0,0,0,0,0,0
0,0,1,0,6,0,0,0,0,0,290,0,0,0,0,1511,1,0,0,0,0,0,0
0,0,1,0,6,0,0,0,0,0,298,0,0,0,0,1553,1,0,0,0,0,0,0
0,0,1,0,6,0,0,0,0,0,302,0,0,0,0,1574,1,0,0,0,0,0,0
0,0,1,0,6,0,0,0,0,0,314,0,0,0,0,1637,1,0,0,0,0,0,0
0,0,1,0,6,0,0,0,0,0,310,0,0,0,0,1616,1,0,0,0,0,0,0
0,0,1,0,6,0,0,0,0,0,318,0,0,0,0,1658,1,0,0,0,0,0,0
0,0,1,0,6,0,0,0,0,0,322,0,0,0,0,1679,1,0,0,0,0,0,0
0,0,1,0,6,0,0,0,0,0,330,0,0,0,0,1721,1,0,0,0,0,0,0
0,0,1,0,6,0,0,0,0,0,326,0,0,0,0,1700,1,0,0,0,0,0,0
0,0,1,0,6,0,0,0,0,0,338,0,0,0,0,1763,1,0,0,0,0,0,0
0,0,1,0,6,0,0,0,0,0,334,0,0,0,0,1742,1,0,0,0,0,0,0
0,0,1,0,6,0,0,0,0,0,342,0,0,0,0,1784,1,0,0,0,0,0,0
0,0,1,0,6,0,0,0,0,0,346,0,0,0,0,1805,1,0,0,0,0,0,0
0,0,1,0,6,0,0,0,0,0,354,0,0,0,0,1847,1,0,0,0,0,0,0
0,0,1,0,6,0,0,0,0,0,1,0,0,0,0,14,0,0,0,0,0,0,0
0,0,1,0,6,0,0,0,0,0,362,0,0,0,0,1889,1,0,0,0,0,0,0
0,0,1,0,6,0,0,0,0,0,370,0,0,0,0,1931,1,0,0,0,0,0,0
0,0,1,0,114,0,0,0,0,0,366,0,0,0,0,1910,1,0,0,0,0,0,0
0,0,1,0,6,0,0,0,0,0,374,0,0,0,0,1952,1,0,0,0,0,0,0
0,0,1,0,6,0,0,0,0,0,378,0,0,0,0,1973,1,0,0,0,0,0,0
0,0,1,0,6,0,0,0,0,0,386,0,0,0,0,2015,1,0,0,0,0,0,0
0,0,1,0,6,0,0,0,0,0,358,0,0,0,0,1868,1,0,0,0,0,0,0
0,0,1,0,6,0,0,0,0,0,382,0,0,0,0,1994,1,0,0,0,0,0,0
0,0,1,0,6,0,0,0,0,0,390,0,0,0,0,2036,1,0,0,0,0,0,0
0,0,1,0,6,0,0,0,0,0,398,0,0,0,0,2078,1,0,0,0,0,0,0
0,0,1,0,6,0,0,0,0,0,394,0,0,0,0,2057,1,0,0,0,0,0,0
0,0,1,0,6,0,0,0,0,0,402,0,0,0,0,2100,1,0,0,0,0,0,0
1,1,1,0,114,0,0,0,3,0,8,0,0,0,0,68,1,0,0,2,0,0,0
1,1,1,0,244,0,0,0,6,0,9,0,0,0,0,85,1,0,0,2,0,0,0
1,1,1,0,244,0,0,0,5,0,9,0,0,0,0,84,1,0,0,2,0,0,0
1,1,1,0,114,0,0,0,6,0,9,0,0,0,0,84,1,0,0,2,0,0,0
1,1,1,0,149,0,0,0,6,0,9,0,0,0,0,84,1,0,0,2,0,0,0
1,1,1,0,114,0,0,0,5,0,9,0,0,0,0,83,1,0,0,2,0,0,0
1,1,1,0,149,0,0,0,6,0,9,0,0,0,0,85,1,0,0,2,0,0,0
1,1,1,0,219,0,0,0,5,0,9,0,0,0,0,83,1,0,0,2,0,0,0
1,1,1,0,114,0,0,0,6,0,8,0,0,0,0,83,1,0,0,2,0,0,0
1,1,1,0,114,0,0,0,6,0,9,0,0,0,0,85,1,0,0,2,0,0,0
1,1,1,0,149,0,0,0,6,0,9,0,0,0,0,85,1,0,0,2,0,0,0
1,1,1,0,114,0,0,0,6,0,9,0,0,0,0,84,1,0,0,2,0,0,0
1,1,1,0,114,0,0,0,6,0,8,0,0,0,0,83,1,0,0,2,0,0,0
1,1,1,0,114,0,0,0,6,0,9,0,0,0,0,84,1,0,0,2,0,0,0
1,1,1,0,219,0,0,0,5,0,9,0,0,0,0,82,1,0,0,2,0,0,0
1,1,1,0,149,0,0,0,6,0,10,0,0,0,0,86,1,0,0,2,0,0,0
1,1,1,0,244,0,0,0,6,0,9,0,0,0,0,86,1,0,0,2,0,0,0
1,1,1,0,114,0,0,0,6,0,10,0,0,0,0,85,1,0,0,2,0,0,0
1,1,1,0,244,0,0,0,5,0,9,0,0,0,0,84,1,0,0,2,0,0,0
1,1,1,0,244,0,0,0,6,0,9,0,0,0,0,85,1,0,0,2,0,0,0
1,1,1,0,114,0,0,0,5,0,9,0,0,0,0,83,1,0,0,2,0,0,0
1,1,1,0,114,0,0,0,5,0,9,0,0,0,0,82,1,0,0,2,0,0,0
1,1,1,0,114,0,0,0,5,0,10,0,0,0,0,84,1,0,0,2,0,0,0
1,1,1,0,114,0,0,0,6,0,8,0,0,0,0,84,1,0,0,2,0,0,0
1,1,1,0,244,0,0,0,6,0,9,0,0,0,0,86,1,0,0,2,0,0,0
1,1,1,0,219,0,0,0,5,0,9,0,0,0,0,83,1,0,0,2,0,0,0
1,1,1,0,114,0,0,0,6,0,8,0,0,0,0,83,1,0,0,2,0,0,0
1,1,1,0,114,0,0,0,6,0,8,0,0,0,0,83,1,0,0,2,0,0,0
1,1,1,0,114,0,0,0,6,0,9,0,0,0,0,85,1,0,0,2,0,0,0
1,1,1,0,219,0,0,0,5,0,10,0,0,0,0,84,1,0,0,2,0,0,0
1,1,1,0,6,0,0,0,5,0,9,0,0,0,0,84,1,0,0,2,0,0,0
1,1,1,0,114,0,0,0,6,0,9,0,0,0,0,84,1,0,0,2,0,0,0
1,1,1,0,244,0,0,0,6,0,9,0,0,0,0,85,1,0,0,2,0,0,0
1,1,1,0,114,0,0,0,6,0,8,0,0,0,0,84,1,0,0,2,0,0,0
1,1,1,0,114,0,0,0,6,0,10,0,0,0,0,86,1,0,0,2,0,0,0
1,1,1,0,149,0,0,0,6,0,10,0,0,0,0,85,1,0,0,2,0,0,0
1,1,1,0,244,0,0,0,5,0,9,0,0,0,0,84,1,0,0,2,0,0,0
1,1,1,0,244,0,0,0,6,0,9,0,0,0,0,86,1,0,0,2,0,0,0
1,1,1,0,149,0,0,0,6,0,9,0,0,0,0,84,1,0,0,2,0,0,0
1,1,1,0,244,0,0,0,6,0,9,0,0,0,0,85,1,0,0,2,0,0,0
1,1,1,0,114,0,0,0,6,0,9,0,0,0,0,85,1,0,0,2,0,0,0
1,1,1,0,244,0,0,0,5,0,9,0,0,0,0,83,1,0,0,2,0,0,0
1,1,1,0,244,0,0,0,6,0,9,0,0,0,0,86,1,0,0,2,0,0,0
1,1,1,0,244,0,0,0,5,0,9,0,0,0,0,83,1,0,0,2,0,0,0
1,1,1,0,114,0,0,0,3,0,8,0,0,0,0,69,1,0,0,2,0,0,0
1,1,1,0,114,0,0,0,3,0,8,0,0,0,0,69,1,0,0,2,0,0,0
1,1,1,0,114,0,0,0,3,0,8,0,0,0,0,69,1,0,0,2,0,0,0
1,1,1,0,114,0,0,0,3,0,8,0,0,0,0,69,1,0,0,2,0,0,0
1,1,1,0,114,0,0,0,3,0,8,0,0,0,0,69,1,0,0,2,0,0,0
1,1,1,0,114,0,0,0,3,0,8,0,0,0,0,69,1,0,0,2,0,0,0
1,1,1,0,114,0,0,0,3,0,8,0,0,0,0,69,1,0,0,2,0,0,0
1,1,1,0,114,0,0,0,3,0,8,0,0,0,0,69,1,0,0,2,0,0,0
1,1,1,0,149,0,0,0,3,0,13,0,0,0,0,81,1,0,0,2,0,0,0
1,1,1,0,153,0,0,0,3,0,13,0,0,0,0,81,1,0,0,2,0,0,0
2,1,1,0,114,0,0,0,6,0,9,0,0,0,0,78,1,0,0,2,0,0,0
2,1,1,0,114,0,0,0,6,0,8,0,0,0,0,77,1,0,0,2,0,0,0
2,1,1,0,114,0,0,0,6,0,9,0,0,0,0,78,1,0,0,2,0,0,0
2,1,1,0,114,0,0,0,6,0,8,0,0,0,0,77,1,0,0,2,0,0,0
2,1,1,0,114,0,0,0,6,0,8,0,0,0,0,77,1,0,0,2,0,0,0
1,1,1,0,149,0,0,0,3,0,12,0,0,0,0,80,1,0,0,2,0,0,0
2,1,1,0,114,0,0,0,6,0,8,0,0,0,0,77,1,0,0,2,0,0,0
1,1,1,0,149,0,0,0,3,0,13,0,0,0,0,81,1,0,0,2,0,0,0
2,1,1,0,114,0,0,0,6,0,9,0,0,0,0,78,1,0,0,2,0,0,0
2,1,1,0,114,0,0,0,6,0,8,0,0,0,0,77,1,0,0,2,0,0,0
2,1,1,0,114,0,0,0,6,0,9,0,0,0,0,79,1,0,0,2,0,0,0
0,1,1,0,114,0,0,0,0,0,4,0,0,0,0,39,1,0,0,1,0,0,0
0,3,1,0,114,0,0,0,0,0,8,0,0,0,0,81,1,0,0,1,0,0,0
0,4,1,0,114,0,0,0,0,0,10,0,0,0,0,102,1,0,0,1,0,0,0
0,5,1,0,114,0,0,0,0,0,12,0,0,0,0,123,1,0,0,1,0,0,0
0,6,1,0,114,0,0,0,0,0,14,0,0,0,0,144,1,0,0,1,0,0,0
0,2,1,0,114,0,0,0,0,0,6,0,0,0,0,60,1,0,0,1,0,0,0
0,10,1,0,114,0,0,0,0,0,22,0,0,0,0,229,1,0,0,1,0,0,0
0,9,1,0,114,0,0,0,0,0,20,0,0,0,0,207,1,0,0,1,0,0,0
0,8,1,0,114,0,0,0,0,0,18,0,0,0,0,186,1,0,0,1,0,0,0
0,11,1,0,114,0,0,0,0,0,24,0,0,0,0,251,1,0,0,1,0,0,0
0,7,1,0,114,0,0,0,0,0,16,0,0,0,0,165,1,0,0,1,0,0,0
0,13,1,0,114,0,0,0,0,0,28,0,0,0,0,295,1,0,0,1,0,0,0
0,12,1,0,114,0,0,0,0,0,26,0,0,0,0,273,1,0,0,1,0,0,0
0,14,1,0,114,0,0,0,0,0,30,0,0,0,0,317,1,0,0,1,0,0,0
0,16,1,0,114,0,0,0,0,0,34,0,0,0,0,361,1,0,0,1,0,0,0
0,18,1,0,114,0,0,0,0,0,38,0,0,0,0,405,1,0,0,1,0,0,0
0,17,1,0,114,0,0,0,0,0,36,0,0,0,0,383,1,0,0,1,0,0,0
0,15,1,0,114,0,0,0,0,0,32,0,0,0,0,339,1,0,0,1,0,0,0
0,21,1,0,114,0,0,0,0,0,44,0,0,0,0,471,1,0,0,1,0,0,0
0,20,1,0,114,0,0,0,0,0,42,0,0,0,0,449,1,0,0,1,0,0,0
0,19,1,0,114,0,0,0,0,0,40,0,0,0,0,427,1,0,0,1,0,0,0
0,22,1,0,114,0,0,0,0,0,46,0,0,0,0,493,1,0,0,1,0,0,0
0,23,1,0,114,0,0,0,0,0,48,0,0,0,0,515,1,0,0,1,0,0,0
0,26,1,0,114,0,0,0,0,0,54,0,0,0,0,581,1,0,0,1,0,0,0
0,24,1,0,114,0,0,0,0,0,50,0,0,0,0,537,1,0,0,1,0,0,0
0,25,1,0,114,0,0,0,0,0,52,0,0,0,0,559,1,0,0,1,0,0,0
0,27,1,0,114,0,0,0,0,0,56,0,0,0,0,603,1,0,0,1,0,0,0
0,30,1,0,114,0,0,0,0,0,62,0,0,0,0,669,1,0,0,1,0,0,0
0,28,1,0,114,0,0,0,0,0,58,0,0,0,0,625,1,0,0,1,0,0,0
0,32,1,0,114,0,0,0,0,0,66,0,0,0,0,713,1,0,0,1,0,0,0
0,33,1,0,114,0,0,0,0,0,68,0,0,0,0,735,1,0,0,1,0,0,0
0,29,1,0,114,0,0,0,0,0,60,0,0,0,0,647,1,0,0,1,0,0,0
0,31,1,0,114,0,0,0,0,0,64,0,0,0,0,691,1,0,0,1,0,0,0
0,35,1,0,114,0,0,0,0,0,72,0,0,0,0,779,1,0,0,1,0,0,0
0,34,1,0,114,0,0,0,0,0,70,0,0,0,0,757,1,0,0,1,0,0,0
0,37,1,0,114,0,0,0,0,0,76,0,0,0,0,823,1,0,0,1,0,0,0
0,38,1,0,114,0,0,0,0,0,78,0,0,0,0,845,1,0,0,1,0,0,0
0,40,1,0,114,0,0,0,0,0,82,0,0,0,0,889,1,0,0,1,0,0,0
0,39,1,0,114,0,0,0,0,0,80,0,0,0,0,867,1,0,0,1,0,0,0
0,44,1,0,114,0,0,0,0,0,90,0,0,0,0,977,1,0,0,1,0,0,0
0,42,1,0,114,0,0,0,0,0,86,0,0,0,0,933,1,0,0,1,0,0,0
0,41,1,0,114,0,0,0,0,0,84,0,0,0,0,911,1,0,0,1,0,0,0
0,36,1,0,114,0,0,0,0,0,74,0,0,0,0,801,1,0,0,1,0,0,0
0,43,1,0,114,0,0,0,0,0,88,0,0,0,0,955,1,0,0,1,0,0,0
0,45,1,0,114,0,0,0,0,0,92,0,0,0,0,999,1,0,0,1,0,0,0
0,47,1,0,114,0,0,0,0,0,96,0,0,0,0,1043,1,0,0,1,0,0,0
0,48,1,0,114,0,0,0,0,0,98,0,0,0,0,1065,1,0,0,1,0,0,0
0,46,1,0,114,0,0,0,0,0,94,0,0,0,0,1021,1,0,0,1,0,0,0
0,50,1,0,114,0,0,0,0,0,102,0,0,0,0,1109,1,0,0,1,0,0,0
0,49,1,0,114,0,0,0,0,0,100,0,0,0,0,1087,1,0,0,1,0,0,0
0,52,1,0,114,0,0,0,0,0,106,0,0,0,0,1153,1,0,0,1,0,0,0
0,51,1,0,114,0,0,0,0,0,104,0,0,0,0,1131,1,0,0,1,0,0,0
0,53,1,0,114,0,0,0,0,0,108,0,0,0,0,1175,1,0,0,1,0,0,0
0,56,1,0,114,0,0,0,0,0,114,0,0,0,0,1241,1,0,0,1,0,0,0
0,55,1,0,114,0,0,0,0,0,112,0,0,0,0,1219,1,0,0,1,0,0,0
0,54,1,0,114,0,0,0,0,0,110,0,0,0,0,1197,1,0,0,1,0,0,0
0,57,1,0,114,0,0,0,0,0,116,0,0,0,0,1263,1,0,0,1,0,0,0
0,59,1,0,114,0,0,0,0,0,120,0,0,0,0,1307,1,0,0,1,0,0,0
0,58,1,0,114,0,0,0,0,0,118,0,0,0,0,1285,1,0,0,1,0,0,0
0,61,1,0,114,0,0,0,0,0,124,0,0,0,0,1351,1,0,0,1,0,0,0
0,60,1,0,114,0,0,0,0,0,122,0,0,0,0,1329,1,0,0,1,0,0,0
0,62,1,0,114,0,0,0,0,0,126,0,0,0,0,1373,1,0,0,1,0,0,0
0,63,1,0,6,0,0,0,0,0,128,0,0,0,0,1395,1,0,0,1,0,0,0
0,64,1,0,6,0,0,0,0,0,130,0,0,0,0,1417,1,0,0,1,0,0,0
0,66,1,0,6,0,0,0,0,0,134,0,0,0,0,1461,1,0,0,1,0,0,0
0,67,1,0,6,0,0,0,0,0,136,0,0,0,0,1483,1,0,0,1,0,0,0
0,68,1,0,6,0,0,0,0,0,138,0,0,0,0,1505,1,0,0,1,0,0,0
0,69,1,0,6,0,0,0,0,0,140,0,0,0,0,1527,1,0,0,1,0,0,0
0,65,1,0,6,0,0,0,0,0,132,0,0,0,0,1439,1,0,0,1,0,0,0
0,0,1,0,6,0,0,0,0,0,1,0,0,0,0,14,0,0,0,0,0,0,0
0,70,1,0,114,0,0,0,0,0,142,0,0,0,0,1549,1,0,0,1,0,0,0
0,71,1,0,6,0,0,0,0,0,144,0,0,0,0,1571,1,0,0,1,0,0,0
0,73,1,0,6,0,0,0,0,0,148,0,0,0,0,1615,1,0,0,1,0,0,0
0,74,1,0,6,0,0,0,0,0,150,0,0,0,0,1637,1,0,0,1,0,0,0
0,76,1,0,6,0,0,0,0,0,154,0,0,0,0,1681,1,0,0,1,0,0,0
0,75,1,0,6,0,0,0,0,0,152,0,0,0,0,1659,1,0,0,1,0,0,0
0,77,1,0,6,0,0,0,0,0,156,0,0,0,0,1703,1,0,0,1,0,0,0
0,81,1,0,6,0,0,0,0,0,164,0,0,0,0,1791,1,0,0,1,0,0,0
0,79,1,0,6,0,0,0,0,0,160,0,0,0,0,1747,1,0,0,1,0,0,0
0,80,1,0,6,0,0,0,0,0,162,0,0,0,0,1769,1,0,0,1,0,0,0
0,82,1,0,6,0,0,0,0,0,166,0,0,0,0,1813,1,0,0,1,0,0,0
0,85,1,0,6,0,0,0,0,0,172,0,0,0,0,1879,1,0,0,1,0,0,0
0,83,1,0,6,0,0,0,0,0,168,0,0,0,0,1835,1,0,0,1,0,0,0
0,84,1,0,6,0,0,0,0,0,170,0,0,0,0,1857,1,0,0,1,0,0,0
0,86,1,0,6,0,0,0,0,0,174,0,0,0,0,1901,1,0,0,1,0,0,0
0,87,1,0,114,0,0,0,0,0,176,0,0,0,0,1923,1,0,0,1,0,0,0
0,88,1,0,6,0,0,0,0,0,178,0,0,0,0,1945,1,0,0,1,0,0,0
0,90,1,0,6,0,0,0,0,0,182,0,0,0,0,1989,1,0,0,1,0,0,0
0,92,1,0,6,0,0,0,0,0,186,0,0,0,0,2033,1,0,0,1,0,0,0
0,91,1,0,6,0,0,0,0,0,184,0,0,0,0,2011,1,0,0,1,0,0,0
0,89,1,0,6,0,0,0,0,0,180,0,0,0,0,1967,1,0,0,1,0,0,0
0,93,1,0,6,0,0,0,0,0,188,0,0,0,0,2055,1,0,0,1,0,0,0
0,95,1,0,6,0,0,0,0,0,192,0,0,0,0,2099,1,0,0,1,0,0,0
0,96,1,0,114,0,0,0,0,0,194,0,0,0,0,2121,1,0,0,1,0,0,0
0,99,1,0,6,0,0,0,0,0,200,0,0,0,0,2187,1,0,0,1,0,0,0
0,98,1,0,6,0,0,0,0,0,198,0,0,0,0,2165,1,0,0,1,0,0,0
0,94,1,0,6,0,0,0,0,0,190,0,0,0,0,2077,1,0,0,1,0,0,0
0,100,1,0,6,0,0,0,0,0,202,0,0,0,0,2210,1,0,0,1,0,0,0
1,1,1,0,114,0,0,0,3,0,8,0,0,0,0,68,1,0,0,2,0,0,0
1,1,1,0,244,0,0,0,5,0,9,0,0,0,0,84,1,0,0,2,0,0,0
1,1,1,0,114,0,0,0,5,0,9,0,0,0,0,82,1,0,0,2,0,0,0
1,1,1,0,244,0,0,0,5,0,9,0,0,0,0,84,1,0,0,2,0,0,0
1,1,1,0,244,0,0,0,6,0,9,0,0,0,0,86,1,0,0,2,0,0,0
1,1,1,0,244,0,0,0,6,0,9,0,0,0,0,85,1,0,0,2,0,0,0
1,1,1,0,244,0,0,0,5,0,9,0,0,0,0,83,1,0,0,2,0,0,0
1,1,1,0,244,0,0,0,6,0,9,0,0,0,0,85,1,0,0,2,0,0,0
1,1,1,0,244,0,0,0,5,0,9,0,0,0,0,83,1,0,0,2,0,0,0
1,1,1,0,114,0,0,0,6,0,9,0,0,0,0,84,1,0,0,2,0,0,0
1,1,1,0,114,0,0,0,6,0,8,0,0,0,0,83,1,0,0,2,0,0,0
1,1,1,0,114,0,0,0,6,0,8,0,0,0,0,83,1,0,0,2,0,0,0
1,1,1,0,114,0,0,0,6,0,9,0,0,0,0,84,1,0,0,2,0,0,0
1,1,1,0,114,0,0,0,6,0,9,0,0,0,0,84,1,0,0,2,0,0,0
1,1,1,0,149,0,0,0,6,0,10,0,0,0,0,85,1,0,0,2,0,0,0
1,1,1,0,114,0,0,0,6,0,10,0,0,0,0,86,1,0,0,2,0,0,0
1,1,1,0,149,0,0,0,6,0,9,0,0,0,0,85,1,0,0,2,0,0,0
1,1,1,0,114,0,0,0,6,0,8,0,0,0,0,84,1,0,0,2,0,0,0
1,1,1,0,219,0,0,0,5,0,9,0,0,0,0,83,1,0,0,2,0,0,0
1,1,1,0,114,0,0,0,6,0,9,0,0,0,0,85,1,0,0,2,0,0,0
1,1,1,0,114,0,0,0,5,0,10,0,0,0,0,84,1,0,0,2,0,0,0
1,1,1,0,6,0,0,0,5,0,10,0,0,0,0,84,1,0,0,2,0,0,0
1,1,1,0,114,0,0,0,6,0,8,0,0,0,0,83,1,0,0,2,0,0,0
1,1,1,0,149,0,0,0,6,0,9,0,0,0,0,84,1,0,0,2,0,0,0
1,1,1,0,114,0,0,0,6,0,9,0,0,0,0,84,1,0,0,2,0,0,0
1,1,1,0,114,0,0,0,6,0,8,0,0,0,0,83,1,0,0,2,0,0,0
1,1,1,0,114,0,0,0,6,0,10,0,0,0,0,85,1,0,0,2,0,0,0
1,1,1,0,114,0,0,0,5,0,9,0,0,0,0,83,1,0,0,2,0,0,0
1,1,1,0,219,0,0,0,5,0,9,0,0,0,0,83,1,0,0,2,0,0,0
1,1,1,0,114,0,0,0,6,0,8,0,0,0,0,84,1,0,0,2,0,0,0
1,1,1,0,114,0,0,0,6,0,9,0,0,0,0,85,1,0,0,2,0,0,0
1,1,1,0,149,0,0,0,6,0,9,0,0,0,0,84,1,0,0,2,0,0,0
1,1,1,0,114,0,0,0,6,0,9,0,0,0,0,85,1,0,0,2,0,0,0
1,1,1,0,149,0,0,0,6,0,10,0,0,0,0,86,1,0,0,2,0,0,0
1,1,1,0,149,0,0,0,6,0,9,0,0,0,0,85,1,0,0,2,0,0,0
1,1,1,0,114,0,0,0,5,0,9,0,0,0,0,83,1,0,0,2,0,0,0
1,1,1,0,244,0,0,0,5,0,9,0,0,0,0,84,1,0,0,2,0,0,0
1,1,1,0,244,0,0,0,6,0,9,0,0,0,0,85,1,0,0,2,0,0,0
1,1,1,0,244,0,0,0,6,0,9,0,0,0,0,86,1,0,0,2,0,0,0
1,1,1,0,244,0,0,0,5,0,9,0,0,0,0,84,1,0,0,2,0,0,0
1,1,1,0,244,0,0,0,6,0,9,0,0,0,0,85,1,0,0,2,0,0,0
1,1,1,0,219,0,0,0,5,0,9,0,0,0,0,82,1,0,0,2,0,0,0
1,1,1,0,244,0,0,0,6,0,9,0,0,0,0,86,1,0,0,2,0,0,0
1,1,1,0,244,0,0,0,6,0,9,0,0,0,0,86,1,0,0,2,0,0,0
2,1,1,0,114,0,0,0,13,0,11,0,0,0,0,93,1,0,0,4,0,0,0
2,1,1,0,114,0,0,0,13,0,10,0,0,0,0,99,1,0,0,4,0,0,0
2,1,1,0,114,0,0,0,13,0,10,0,0,0,0,92,1,0,0,4,0,0,0
2,1,1,0,114,0,0,0,13,0,11,0,0,0,0,93,1,0,0,4,0,0,0
2,1,1,0,114,0,0,0,13,0,11,0,0,0,0,99,1,0,0,4,0,0,0
2,1,1,0,114,0,0,0,13,0,11,0,0,0,0,101,1,0,0,4,0,0,0
2,1,1,0,114,0,0,0,13,0,11,0,0,0,0,94,1,0,0,4,0,0,0
1,1,1,0,114,0,0,0,3,0,8,0,0,0,0,69,1,0,0,2,0,0,0
2,1,1,0,114,0,0,0,6,0,8,0,0,0,0,77,1,0,0,2,0,0,0
2,1,1,0,114,0,0,0,6,0,9,0,0,0,0,84,1,0,0,2,0,0,0
2,1,1,0,114,0,0,0,6,0,9,0,0,0,0,86,1,0,0,2,0,0,0
2,1,1,0,114,0,0,0,6,0,8,0,0,0,0,84,1,0,0,2,0,0,0
2,1,1,0,114,0,0,0,6,0,9,0,0,0,0,78,1,0,0,2,0,0,0
2,1,1,0,114,0,0,0,6,0,9,0,0,0,0,78,1,0,0,2,0,0,0
2,1,1,0,114,0,0,0,6,0,9,0,0,0,0,85,1,0,0,2,0,0,0
2,1,1,0,114,0,0,0,6,0,8,0,0,0,0,85,1,0,0,2,0,0,0
2,1,1,0,114,0,0,0,6,0,8,0,0,0,0,77,1,0,0,2,0,0,0
2,1,1,0,114,0,0,0,6,0,8,0,0,0,0,77,1,0,0,2,0,0,0
2,1,1,0,114,0,0,0,6,0,8,0,0,0,0,83,1,0,0,2,0,0,0
2,1,1,0,114,0,0,0,6,0,9,0,0,0,0,78,1,0,0,2,0,0,0
2,1,1,0,114,0,0,0,6,0,9,0,0,0,0,79,1,0,0,2,0,0,0
0,0,1,0,114,0,1,0,0,0,10,1,0,0,0,72,1,0,0,0,0,0,0
0,1,2,0,114,0,1,0,0,0,11,1,0,0,0,97,1,0,0,4,0,0,0
0,0,1,0,114,0,1,0,0,0,8,1,0,0,0,70,1,0,0,0,0,0,0
0,0,2,0,114,0,1,0,0,0,9,2,0,0,0,84,1,0,0,0,0,0,0
0,5,2,0,114,0,1,0,0,0,12,2,0,0,0,139,1,0,0,1,0,0,0
0,6,3,0,114,0,1,0,0,0,12,2,0,0,0,155,1,0,0,1,0,0,0
0,0,2,0,114,0,1,0,0,0,8,2,0,0,0,102,1,0,0,0,0,0,0
0,0,2,0,114,0,1,0,0,0,8,2,0,0,0,102,1,0,0,0,0,0,0
0,0,1,0,114,0,1,0,0,0,7,1,0,0,0,56,1,0,0,0,0,0,0
0,1,3,0,114,0,3,0,0,0,9,3,0,0,0,112,1,0,0,6,0,0,0
0,0,1,0,114,0,0,0,0,0,6,0,0,0,0,33,1,0,0,0,0,0,0
0,0,1,0,114,0,0,0,0,0,10,0,0,0,0,57,1,0,0,0,0,0,0
0,0,1,0,114,0,0,0,0,0,4,0,0,0,0,21,1,0,0,0,0,0,0
0,0,1,0,114,0,0,0,0,0,8,0,0,0,0,45,1,0,0,0,0,0,0
0,0,1,0,114,0,0,0,0,0,14,0,0,0,0,81,1,0,0,0,0,0,0
0,0,1,0,114,0,0,0,0,0,18,0,0,0,0,105,1,0,0,0,0,0,0
0,0,1,0,114,0,0,0,0,0,12,0,0,0,0,69,1,0,0,0,0,0,0
0,0,1,0,114,0,0,0,0,0,20,0,0,0,0,117,1,0,0,0,0,0,0
0,0,1,0,114,0,0,0,0,0,16,0,0,0,0,93,1,0,0,0,0,0,0
0,0,1,0,114,0,0,0,0,0,24,0,0,0,0,143,1,0,0,0,0,0,0
0,0,1,0,114,0,0,0,0,0,22,0,0,0,0,130,1,0,0,0,0,0,0
0,0,1,0,114,0,0,0,0,0,26,0,0,0,0,156,1,0,0,0,0,0,0
0,0,1,0,114,0,0,0,0,0,28,0,0,0,0,169,1,0,0,0,0,0,0
0,0,1,0,114,0,0,0,0,0,30,0,0,0,0,182,1,0,0,0,0,0,0
0,0,1,0,114,0,0,0,0,0,32,0,0,0,0,195,1,0,0,0,0,0,0
0,0,1,0,114,0,0,0,0,0,34,0,0,0,0,208,1,0,0,0,0,0,0
0,0,1,0,114,0,0,0,0,0,38,0,0,0,0,234,1,0,0,0,0,0,0
0,0,1,0,114,0,0,0,0,0,40,0,0,0,0,247,1,0,0,0,0,0,0
0,0,1,0,114,0,0,0,0,0,36,0,0,0,0,221,1,0,0,0,0,0,0
0,0,1,0,114,0,0,0,0,0,42,0,0,0,0,260,1,0,0,0,0,0,0
0,0,1,0,114,0,0,0,0,0,44,0,0,0,0,273,1,0,0,0,0,0,0
0,0,1,0,114,0,0,0,0,0,50,0,0,0,0,312,1,0,0,0,0,0,0
0,0,1,0,114,0,0,0,0,0,46,0,0,0,0,286,1,0,0,0,0,0,0
0,0,1,0,114,0,0,0,0,0,48,0,0,0,0,299,1,0,0,0,0,0,0
0,0,1,0,114,0,0,0,0,0,52,0,0,0,0,325,1,0,0,0,0,0,0
0,0,1,0,114,0,0,0,0,0,56,0,0,0,0,351,1,0,0,0,0,0,0
0,0,1,0,114,0,0,0,0,0,54,0,0,0,0,338,1,0,0,0,0,0,0
0,0,1,0,114,0,0,0,0,0,60,0,0,0,0,377,1,0,0,0,0,0,0
0,0,1,0,114,0,0,0,0,0,58,0,0,0,0,364,1,0,0,0,0,0,0
0,0,1,0,114,0,0,0,0,0,62,0,0,0,0,390,1,0,0,0,0,0,0
0,0,1,0,114,0,0,0,0,0,64,0,0,0,0,403,1,0,0,0,0,0,0
0,0,1,0,114,0,0,0,0,0,66,0,0,0,0,416,1,0,0,0,0,0,0
0,0,1,0,114,0,0,0,0,0,68,0,0,0,0,429,1,0,0,0,0,0,0
0,0,1,0,114,0,0,0,0,0,74,0,0,0,0,468,1,0,0,0,0,0,0
0,0,1,0,114,0,0,0,0,0,76,0,0,0,0,481,1,0,0,0,0,0,0
0,0,1,0,114,0,0,0,0,0,78,0,0,0,0,494,1,0,0,0,0,0,0
0,0,1,0,114,0,0,0,0,0,70,0,0,0,0,442,1,0,0,0,0,0,0
0,0,1,0,114,0,0,0,0,0,72,0,0,0,0,455,1,0,0,0,0,0,0
0,0,1,0,114,0,0,0,0,0,80,0,0,0,0,507,1,0,0,0,0,0,0
0,0,1,0,114,0,0,0,0,0,88,0,0,0,0,559,1,0,0,0,0,0,0
0,0,1,0,114,0,0,0,0,0,82,0,0,0,0,520,1,0,0,0,0,0,0
0,0,1,0,114,0,0,0,0,0,86,0,0,0,0,546,1,0,0,0,0,0,0
0,0,1,0,114,0,0,0,0,0,84,0,0,0,0,533,1,0,0,0,0,0,0
0,0,1,0,114,0,0,0,0,0,90,0,0,0,0,572,1,0,0,0,0,0,0
0,0,1,0,114,0,0,0,0,0,94,0,0,0,0,598,1,0,0,0,0,0,0
0,0,1,0,114,0,0,0,0,0,96,0,0,0,0,611,1,0,0,0,0,0,0
0,0,1,0,114,0,0,0,0,0,92,0,0,0,0,585,1,0,0,0,0,0,0
0,0,1,0,114,0,0,0,0,0,100,0,0,0,0,637,1,0,0,0,0,0,0
0,0,1,0,114,0,0,0,0,0,98,0,0,0,0,624,1,0,0,0,0,0,0
0,0,1,0,114,0,0,0,0,0,102,0,0,0,0,650,1,0,0,0,0,0,0
0,0,1,0,114,0,0,0,0,0,106,0,0,0,0,676,1,0,0,0,0,0,0
0,0,1,0,114,0,0,0,0,0,108,0,0,0,0,689,1,0,0,0,0,0,0
0,0,1,0,114,0,0,0,0,0,110,0,0,0,0,702,1,0,0,0,0,0,0
0,0,1,0,114,0,0,0,0,0,104,0,0,0,0,663,1,0,0,0,0,0,0
0,0,1,0,114,0,0,0,0,0,116,0,0,0,0,741,1,0,0,0,0,0,0
0,0,1,0,114,0,0,0,0,0,114,0,0,0,0,728,1,0,0,0,0,0,0
0,0,1,0,6,0,0,0,0,0,1,0,0,0,0,14,0,0,0,0,0,0,0
0,0,1,0,114,0,0,0,0,0,118,0,0,0,0,754,1,0,0,0,0,0,0
0,0,1,0,114,0,0,0,0,0,120,0,0,0,0,767,1,0,0,0,0,0,0
0,0,1,0,114,0,0,0,0,0,124,0,0,0,0,793,1,0,0,0,0,0,0
0,0,1,0,114,0,0,0,0,0,122,0,0,0,0,780,1,0,0,0,0,0,0
0,0,1,0,114,0,0,0,0,0,126,0,0,0,0,806,1,0,0,0,0,0,0
0,0,1,0,114,0,0,0,0,0,132,0,0,0,0,845,1,0,0,0,0,0,0
0,0,1,0,114,0,0,0,0,0,130,0,0,0,0,832,1,0,0,0,0,0,0
0,0,1,0,114,0,0,0,0,0,138,0,0,0,0,884,1,0,0,0,0,0,0
0,0,1,0,114,0,0,0,0,0,136,0,0,0,0,871,1,0,0,0,0,0,0
0,0,1,0,114,0,0,0,0,0,140,0,0,0,0,897,1,0,0,0,0,0,0
0,0,1,0,114,0,0,0,0,0,142,0,0,0,0,910,1,0,0,0,0,0,0
0,0,1,0,114,0,0,0,0,0,146,0,0,0,0,936,1,0,0,0,0,0,0
0,0,1,0,114,0,0,0,0,0,134,0,0,0,0,858,1,0,0,0,0,0,0
0,0,1,0,114,0,0,0,0,0,144,0,0,0,0,923,1,0,0,0,0,0,0
0,0,1,0,114,0,0,0,0,0,148,0,0,0,0,949,1,0,0,0,0,0,0
0,0,1,0,114,0,0,0,0,0,152,0,0,0,0,975,1,0,0,0,0,0,0
0,0,1,0,114,0,0,0,0,0,154,0,0,0,0,988,1,0,0,0,0,0,0
0,0,1,0,114,0,0,0,0,0,158,0,0,0,0,1014,1,0,0,0,0,0,0
0,0,1,0,114,0,0,0,0,0,156,0,0,0,0,1001,1,0,0,0,0,0,0
0,0,1,0,114,0,0,0,0,0,150,0,0,0,0,962,1,0,0,0,0,0,0
0,0,1,0,114,0,0,0,0,0,160,0,0,0,0,1027,1,0,0,0,0,0,0
0,0,1,0,114,0,0,0,0,0,168,0,0,0,0,1079,1,0,0,0,0,0,0
0,0,1,0,114,0,0,0,0,0,170,0,0,0,0,1092,1,0,0,0,0,0,0
0,0,1,0,114,0,0,0,0,0,164,0,0,0,0,1053,1,0,0,0,0,0,0
0,0,1,0,114,0,0,0,0,0,166,0,0,0,0,1066,1,0,0,0,0,0,0
0,0,1,0,114,0,0,0,0,0,174,0,0,0,0,1118,1,0,0,0,0,0,0
0,0,1,0,114,0,0,0,0,0,162,0,0,0,0,1040,1,0,0,0,0,0,0
0,0,1,0,114,0,0,0,0,0,176,0,0,0,0,1131,1,0,0,0,0,0,0
0,0,1,0,114,0,0,0,0,0,172,0,0,0,0,1105,1,0,0,0,0,0,0
0,0,1,0,114,0,0,0,0,0,178,0,0,0,0,1144,1,0,0,0,0,0,0
0,0,1,0,114,0,0,0,0,0,180,0,0,0,0,1157,1,0,0,0,0,0,0
0,0,1,0,114,0,0,0,0,0,182,0,0,0,0,1170,1,0,0,0,0,0,0
0,0,1,0,114,0,0,0,0,0,184,0,0,0,0,1183,1,0,0,0,0,0,0
0,0,1,0,114,0,0,0,0,0,188,0,0,0,0,1209,1,0,0,0,0,0,0
0,0,1,0,6,0,0,0,0,0,1,0,0,0,0,14,0,0,0,0,0,0,0
0,0,1,0,114,0,0,0,0,0,194,0,0,0,0,1248,1,0,0,0,0,0,0
0,0,1,0,114,0,0,0,0,0,192,0,0,0,0,1235,1,0,0,0,0,0,0
0,0,1,0,114,0,0,0,0,0,196,0,0,0,0,1261,1,0,0,0,0,0,0
0,0,1,0,114,0,0,0,0,0,200,0,0,0,0,1287,1,0,0,0,0,0,0
0,0,1,0,114,0,0,0,0,0,198,0,0,0,0,1274,1,0,0,0,0,0,0
0,0,1,0,114,0,0,0,0,0,202,0,0,0,0,1301,1,0,0,0,0,0,0
1,1,1,0,114,0,0,0,3,0,8,0,0,0,0,68,1,0,0,2,0,0,0
1,1,1,0,114,0,0,0,3,0,6,0,0,0,0,70,0,0,0,2,0,0,0
1,1,1,0,147,0,0,0,3,0,6,0,0,0,0,73,0,0,0,2,0,0,0
1,1,1,0,147,0,0,0,3,0,6,0,0,0,0,73,0,0,0,2,0,0,0
